EmployeeID,Vendor,TxnDate,ExpenseType,Txn_Amt,count
152021006,北京XXXX公司,2016-10-29,HCP Car Service,600.0,21
200000903,北京XXXX公司,2017-03-20,HCP Car Service,400.0,14
152023287,中国XXXX铁路,2017-04-08,HCP Train,128.5,12
200001112,沈阳XXXX租车,2016-11-19,HCP Taxi,120.0,12
152022271,北汽XXXX集团,2016-11-18,HCP Taxi,300.0,12
152025446,中国XXXX铁路,2016-12-10,HCP Train,244.5,11
200000127,中国XXXX铁路,2017-03-04,HCP Train,86.5,10
200000496,重庆XXXX公司,2016-11-12,HCP Car Service,150.0,10
85419611,支付XXXX素杰,2016-12-27,Meeting-Related Expense,100.0,10
152008057,中国XXXX铁路,2016-10-23,HCP Train,128.5,9
152018710,中国XXXX铁路,2016-10-19,HCP Train,343.0,9
152008057,中国XXXX铁路,2016-10-22,HCP Train,128.5,9
152018710,中国XXXX铁路,2016-10-20,HCP Train,335.5,8
152031010,北京XXXX租车,2017-04-26,HCP Taxi,200.0,8
152015281,北京XXXX汽车,2016-11-13,HCP Taxi,200.0,8
200001272,神州XXXX公司,2016-12-23,HCP Taxi,200.0,8
200001112,沈阳XXXX租车,2016-12-03,HCP Taxi,150.0,8
152018813,兰州XXXX租车,2017-01-07,HCP Taxi,100.0,8
152033891,辽宁XXXX公司,2016-11-19,HCP Taxi,120.0,8
85454327,中国XXXX铁路,2016-12-10,HCP Train,39.0,7
200002161,出租XXXX租车,2016-12-09,HCP Car Service,230.0,7
152017900,哈尔XXXX路局,2016-11-17,HCP Train,247.0,7
152016236,中国XXXX高铁,2017-03-05,HCP Train,241.5,7
152017900,沈阳XXXX路局,2016-11-18,HCP Train,247.0,7
152021006,中国XXXX铁路,2016-12-15,HCP Train,220.0,7
200001690,12XXXX06,2016-11-26,HCP Train,254.5,7
152025446,中国XXXX铁路,2016-12-09,HCP Train,244.5,7
152021252,中国XXXX道路,2016-10-22,HCP Car Service,66.0,7
85452928,中国XXXX铁路,2016-10-12,HCP Train,113.5,7
152022271,北汽XXXX集团,2016-12-08,HCP Taxi,300.0,7
200001046,出租XXXX租车,2016-12-16,HCP Car Service,400.0,7
152012272,中国XXXX铁路,2016-11-05,HCP Train,177.5,6
200000094,无锡XXXX租赁,2016-11-24,HCP Car Service,300.0,6
200001605,陕西XXXX公司,2016-10-16,HCP Taxi,90.5,6
152031010,北京XXXX租车,2017-01-08,HCP Taxi,150.0,6
200001356,中国XXXX铁路,2016-11-18,HCP Train,173.5,6
152031010,北京XXXX租车,2017-04-08,HCP Taxi,200.0,6
152012272,中国XXXX铁路,2016-11-06,HCP Train,177.5,6
200002343,铁道XXXX道部,2016-12-08,HCP Train,414.0,6
152039671,铁道XXXX票务,2016-12-17,HCP Train,985.0,6
200001356,中国XXXX铁路,2016-11-17,HCP Train,173.5,6
200001605,陕西XXXX公司,2016-10-15,HCP Taxi,90.5,6
152009011,火车XXXX火车,2017-03-26,HCP Train,73.0,6
200001993,中国XXXX铁路,2017-02-25,HCP Train,79.5,6
85383020,中国XXXX铁路,2017-04-07,HCP Train,128.5,6
152008057,中国XXXX铁路,2016-10-22,HCP Train,55.5,6
200001965,出租XXXX租车,2016-11-19,HCP Taxi,105.0,6
152031010,北京XXXX租车,2016-11-26,HCP Taxi,150.0,6
152011497,中国XXXX总局,2016-11-12,HCP Train,254.5,6
200002343,铁道XXXX道部,2016-12-07,HCP Train,414.0,6
200002205,中国XXXX铁路,2017-04-08,HCP Train,128.5,6
152023287,中国XXXX铁路,2017-04-07,HCP Train,128.5,6
200002161,出租XXXX租车,2016-12-09,HCP Car Service,200.0,6
85439148,中国XXXX公司,2016-10-21,HCP Train,168.0,6
152008057,中国XXXX铁路,2016-10-23,HCP Train,55.5,6
152016236,中国XXXX高铁,2017-03-04,HCP Train,241.5,6
200000903,北京XXXX公司,2017-03-07,HCP Car Service,400.0,6
200001300,中国XXXX铁路,2016-10-22,HCP Train,933.0,6
152017444,中国XXXX高铁,2016-12-18,HCP Train,390.5,6
152020616,中国XXXX铁路,2017-04-24,HCP Train,219.5,6
200000496,重庆XXXX公司,2016-10-28,HCP Car Service,150.0,6
152013454,中国XXXX铁路,2016-12-17,HCP Train,116.5,6
152018722,支付XXXX路总,2016-11-08,HCP Train,178.5,6
152016764,铁道XXXX票务,2016-11-10,HCP Train,220.5,6
200001388,中国XXXX铁路,2017-01-07,HCP Train,314.5,6
152017444,中国XXXX高铁,2016-12-17,HCP Train,390.5,6
85390503,中国XXXX铁路,2016-12-04,HCP Train,178.0,6
152023467,中国XXXX公司,2016-12-31,HCP Train,234.0,6
152023287,中国XXXX铁路,2017-02-18,HCP Train,206.5,6
85439148,中国XXXX公司,2016-10-22,HCP Train,168.0,6
200000769,高铁XXXX公司,2016-10-21,HCP Train,246.5,6
200001046,出租XXXX租车,2016-12-23,HCP Car Service,400.0,6
152017900,长春XXXX路局,2016-11-17,HCP Train,144.5,5
152018722,支付XXXX程西,2017-01-04,HCP Train,159.5,5
152016091,中国XXXX铁路,2017-01-06,HCP Train,279.0,5
200001267,支付XXXX网购,2016-12-14,HCP Train,-20.0,5
152019017,火车XXXX车票,2016-12-03,HCP Train,173.5,5
152023467,中国XXXX公司,2016-12-30,HCP Train,138.0,5
152022202,中国XXXX铁路,2016-12-17,HCP Train,39.5,5
152018722,支付XXXX程西,2017-01-07,HCP Train,159.5,5
152008057,中国XXXX铁路,2016-10-23,HCP Train,206.5,5
200001258,北京XXXX租车,2017-03-29,HCP Taxi,150.0,5
200001568,铁道XXXX票务,2016-12-07,HCP Train,480.0,5
200000921,中国XXXX铁路,2016-11-12,HCP Train,158.5,5
152020616,上海XXXX公司,2017-03-19,HCP Car Service,800.0,5
200001655,中国XXXX铁路,2016-12-10,HCP Train,129.5,5
200001499,中国XXXX铁路,2016-10-28,HCP Train,154.0,5
200002232,中国XXXX路局,2016-11-19,HCP Train,120.0,5
152044448,北京XXXX公司,2017-03-01,HCP Car Service,1400.0,5
152008348,山西XXXX运输,2017-03-18,HCP Car Service,200.0,5
200001690,神州XXXX专车,2016-12-01,HCP Car Service,200.0,5
200002148,中国XXXX铁路,2016-11-13,HCP Train,164.5,5
152028299,火车XXXX火车,2016-12-16,HCP Train,392.0,5
200001639,广州XXXX公司,2016-11-06,HCP Taxi,300.0,5
200001639,广州XXXX公司,2016-11-05,HCP Taxi,300.0,5
152008057,中国XXXX铁路,2016-10-15,HCP Train,-196.5,5
152013576,中国XXXX铁路,2016-10-23,HCP Train,177.0,5
200000496,重庆XXXX公司,2016-10-29,HCP Car Service,150.0,5
152020627,铁路XXXX铁路,2016-11-11,HCP Train,159.5,5
200001327,中国XXXX铁路,2016-10-15,HCP Train,86.0,5
200002232,中国XXXX路局,2016-11-18,HCP Train,120.0,5
152023562,中国XXXX铁路,2016-11-19,HCP Train,514.0,5
152008057,中国XXXX铁路,2016-10-16,HCP Train,196.5,5
85455148,中国XXXX总局,2017-03-18,HCP Train,69.5,5
200002192,出租XXXX租车,2017-04-15,HCP Taxi,200.0,5
85383020,中国XXXX铁路,2017-04-08,HCP Train,128.5,5
152033261,上海XXXX公司,2016-12-10,HCP Car Service,800.0,5
152007564,中国XXXX铁路,2016-11-19,HCP Train,254.5,5
85455148,中国XXXX总局,2017-03-19,HCP Train,69.5,5
152028774,铁道XXXX票务,2016-11-07,HCP Train,933.0,5
85415379,中国XXXX铁路,2016-10-15,HCP Train,364.0,5
85452928,中国XXXX铁路,2016-10-11,HCP Train,67.5,5
200001993,中国XXXX铁路,2017-02-24,HCP Train,74.5,4
152024516,郑州XXXX汽车,2016-10-21,HCP Taxi,350.0,4
85398165,黑龙XXXX租车,2017-03-25,HCP Taxi,100.0,4
152013223,沈阳XXXX路局,2016-12-02,HCP Train,65.5,4
152011497,中国XXXX总局,2016-11-13,HCP Train,149.5,4
152047393,广铁XXXX集团,2016-12-14,HCP Train,163.5,4
152046636,中国XXXX铁路,2017-02-25,HCP Train,166.0,4
152011176,的士XXXX的士,2016-11-25,HCP Taxi,100.0,4
200001820,中国XXXX铁路,2016-11-12,HCP Train,99.5,4
200001483,中国XXXX铁路,2017-03-03,HCP Train,103.0,4
200001538,中国XXXX铁路,2016-11-04,HCP Train,99.5,4
200001605,中国XXXX铁路,2016-10-16,HCP Train,51.5,4
200002248,支付XXXX路总,2017-01-06,HCP Train,117.0,4
152042645,神州XXXX专车,2017-04-07,HCP Car Service,150.0,4
152042805,中国XXXX铁路,2016-12-18,HCP Train,102.5,4
152042805,中国XXXX铁路,2016-12-17,HCP Train,102.5,4
152036817,汽车XXXX车票,2016-10-22,HCP Train,118.0,4
152020627,铁路XXXX铁路,2016-11-12,HCP Train,159.5,4
152040842,中国XXXX铁路,2017-03-24,HCP Train,264.5,4
152050770,铁道XXXX道部,2017-04-08,HCP Train,65.5,4
152052857,中国XXXX铁路,2017-04-09,HCP Train,204.5,4
200002035,中国XXXX铁路,2017-04-25,HCP Train,54.5,4
152033826,佛山XXXX车租,2016-11-22,HCP Car Service,800.0,4
152034703,中国XXXX道部,2017-03-24,HCP Train,65.5,4
152032536,中国XXXX公司,2016-12-03,HCP Train,113.0,4
85405177,信阳XXXX区东,2016-11-01,HCP Meal - Dinner,185.0,4
152010943,中国XXXX铁路,2017-03-25,HCP Train,61.5,4
85402066,沈阳XXXX路局,2016-12-03,HCP Train,173.5,4
85404163,京东XXXX东商,2016-12-22,Gifts,500.0,4
200001820,中国XXXX铁路,2016-11-13,HCP Train,99.5,4
152014534,山东XXXX运输,2016-10-21,HCP Car Service,400.0,4
152046263,中国XXXX路局,2016-12-18,HCP Train,354.0,4
200001787,武汉XXXX公司,2016-12-21,HCP Car Service,350.0,4
200001671,支付XXXX路总,2016-11-28,HCP Train,110.5,4
200001787,武汉XXXX公司,2016-12-21,HCP Car Service,400.0,4
200001698,中国XXXX铁路,2016-11-04,HCP Train,198.0,4
152011947,中国XXXX高铁,2017-04-26,HCP Train,371.0,4
152029009,中国XXXX铁路,2016-10-14,HCP Train,34.5,4
152021030,北汽XXXX北汽,2016-09-19,HCP Taxi,150.0,4
152024516,郑州XXXX汽车,2016-10-20,HCP Taxi,350.0,4
152021030,北汽XXXX北汽,2016-09-24,HCP Taxi,150.0,4
152023287,中国XXXX铁路,2017-03-18,HCP Train,81.5,4
200002217,广州XXXX出租,2016-11-11,HCP Taxi,200.0,4
200002232,中国XXXX路局,2016-10-21,HCP Train,117.0,4
152020866,沈铁XXXX沈铁,2016-12-17,HCP Train,281.5,4
85433309,支付XXXX路总,2017-02-12,HCP Train,198.0,4
152020866,沈铁XXXX沈铁,2016-12-16,HCP Train,281.5,4
105004319,天津XXXX发票,2016-12-04,HCP Car Service,150.0,4
152021006,中国XXXX铁路,2016-12-16,HCP Train,197.0,4
85457346,中国XXXX铁路,2016-11-18,HCP Train,314.5,4
152020767,佛山XXXX公司,2016-10-22,HCP Car Service,250.0,4
152021441,中国XXXX高铁,2016-11-06,HCP Train,73.0,4
105004319,天津XXXX发票,2017-02-25,HCP Car Service,150.0,4
152021030,北汽XXXX北汽,2016-09-22,HCP Taxi,150.0,4
152036817,汽车XXXX车票,2016-10-22,HCP Train,78.0,4
152027923,上海XXXX公司,2016-12-16,HCP Car Service,300.0,4
152036239,铁道XXXX票务,2016-12-12,HCP Train,391.0,4
152021608,神州XXXX建）,2016-11-19,HCP Taxi,50.0,4
200001777,中国XXXX铁路,2017-04-13,HCP Train,512.5,4
200001777,中国XXXX铁路,2017-04-11,HCP Train,304.5,4
152019003,中国XXXX铁路,2016-11-17,HCP Train,209.5,4
152047393,广铁XXXX集团,2016-12-15,HCP Train,74.0,4
152047393,广铁XXXX集团,2016-12-14,HCP Train,421.5,4
200000127,中国XXXX铁路,2017-02-25,HCP Train,288.0,4
152052857,中国XXXX铁路,2017-04-07,HCP Train,204.5,4
200000725,山西XXXX运输,2017-05-06,HCP Car Service,91.0,4
200000644,高铁XXXX高铁,2016-09-23,HCP Train,264.5,4
152052857,中国XXXX铁路,2017-04-07,HCP Train,254.5,4
152052857,中国XXXX铁路,2017-04-09,HCP Train,254.5,4
200001091,上海XXXX租赁,2016-12-21,HCP Car Service,500.0,4
200001162,高铁XXXX高铁,2016-11-19,HCP Train,279.0,4
200001196,支付XXXX路总,2016-11-09,HCP Train,198.0,4
200001215,济南XXXX公司,2016-11-20,HCP Car Service,150.0,4
152020616,中国XXXX铁路,2017-04-25,HCP Train,219.5,4
200000380,火车XXXX火车,2016-12-18,HCP Train,59.5,4
152020616,上海XXXX公司,2017-04-15,HCP Car Service,800.0,4
200001605,中国XXXX铁路,2016-10-15,HCP Train,51.5,4
152020616,中国XXXX铁路,2017-04-24,HCP Train,139.5,4
200001777,中国XXXX铁路,2016-12-04,HCP Train,117.0,4
200001690,神州XXXX神州,2017-04-25,HCP Car Service,200.0,4
152012459,铁道XXXX票务,2016-10-28,HCP Train,682.5,4
200000496,重庆XXXX公司,2016-10-28,HCP Car Service,250.0,4
200000486,支付XXXX路总,2017-02-24,HCP Train,184.5,4
200000644,高铁XXXX高铁,2016-09-24,HCP Train,264.5,4
200000496,重庆XXXX公司,2016-10-29,HCP Car Service,250.0,4
152011749,中国XXXX铁路,2017-04-15,HCP Train,403.5,4
152019003,中国XXXX铁路,2016-11-19,HCP Train,209.5,4
152047393,广铁XXXX集团,2016-12-15,HCP Train,199.5,4
200000484,中国XXXX公司,2016-12-16,HCP Train,160.5,4
152020616,上海XXXX公司,2016-11-06,HCP Car Service,700.0,4
152047393,广铁XXXX集团,2016-12-15,HCP Train,163.5,4
152018014,中国XXXX铁路,2016-12-10,HCP Train,61.5,4
200000725,山西XXXX运输,2017-05-05,HCP Car Service,91.0,4
152014163,北京XXXX租车,2017-03-29,HCP Taxi,303.0,4
152014163,北京XXXX租车,2017-03-29,HCP Taxi,298.0,4
152013284,中国XXXX铁路,2016-11-10,HCP Train,139.5,4
152013223,沈阳XXXX路局,2016-12-03,HCP Train,65.5,4
200001388,中国XXXX铁路,2017-04-22,HCP Train,314.5,4
152016050,上海XXXX公司,2016-12-10,HCP Taxi,500.0,4
152017444,中国XXXX高铁,2016-12-17,HCP Train,446.5,4
200001215,济南XXXX公司,2016-11-18,HCP Car Service,150.0,4
85392737,铁道XXXX道部,2016-12-02,HCP Train,92.0,4
200001248,支付XXXX路总,2017-02-10,HCP Train,748.5,4
200001300,北京XXXX汽车,2016-12-04,HCP Taxi,204.0,4
152020081,哈铁XXXX铁路,2016-12-15,HCP Train,197.0,4
200000769,高铁XXXX公司,2016-10-22,HCP Train,246.5,4
200001258,北京XXXX租车,2017-03-27,HCP Taxi,150.0,4
200000644,高铁XXXX高铁,2016-09-25,HCP Train,264.5,4
152020081,支付XXXX路总,2016-11-23,HCP Train,197.0,4
152018710,上海XXXX公司,2016-11-17,HCP Car Service,600.0,4
200000830,高铁XXXX高铁,2016-11-19,HCP Train,70.5,4
152014163,北京XXXX租车,2017-02-26,HCP Taxi,301.0,4
200000903,北京XXXX公司,2017-03-27,HCP Car Service,400.0,4
200001215,中国XXXX高铁,2016-11-20,HCP Train,268.5,4
152013454,中国XXXX铁路,2016-12-18,HCP Train,136.0,4
200000496,重庆XXXX公司,2016-11-12,HCP Car Service,300.0,4
152009011,杭州XXXX公司,2017-03-26,HCP Car Service,150.0,4
152022271,北汽XXXX集团,2016-12-07,HCP Taxi,300.0,4
152021246,支付XXXX路总,2016-09-20,HCP Train,93.5,4
152008953,上海XXXX公司,2016-10-29,HCP Car Service,500.0,4
152008057,中国XXXX铁路,2016-10-23,HCP Train,80.5,4
85415379,中国XXXX铁路,2016-10-13,HCP Train,364.0,4
85419611,微信XXXX京东,2017-02-09,Meeting-Related Expense,200.0,4
152021252,中国XXXX铁路,2016-11-12,HCP Train,74.0,4
152021252,中国XXXX铁路,2016-11-12,HCP Train,60.0,4
152022271,北汽XXXX集团,2016-12-09,HCP Taxi,300.0,4
152023287,中国XXXX铁路,2017-03-17,HCP Train,81.5,4
152024864,出租XXXX租车,2016-10-23,HCP Taxi,40.0,4
152023287,中国XXXX铁路,2016-11-24,HCP Train,170.5,4
152023277,上海XXXX源汽,2017-05-10,HCP Car Service,700.0,4
152023467,杭州XXXX公司,2016-10-28,HCP Car Service,300.0,4
152022202,中国XXXX铁路,2016-12-18,HCP Train,39.5,4
152022125,中国XXXX铁路,2017-04-14,HCP Train,304.5,4
92013788,中国XXXX公司,2016-09-11,HCP Train,192.5,3
92010779,重庆XXXX公司,2016-10-26,HCP Car Service,200.0,3
92013203,中国XXXX铁道,2017-04-15,HCP Train,198.0,3
92013203,中国XXXX铁道,2017-04-17,HCP Train,117.5,3
85439148,中国XXXX公司,2016-12-18,HCP Train,394.0,3
85449080,中国XXXX铁路,2017-04-09,HCP Train,259.5,3
152009005,中国XXXX铁路,2016-11-09,HCP Train,883.5,3
152009005,中国XXXX铁路,2016-11-12,HCP Train,883.5,3
85454324,铁道XXXX道部,2017-03-17,HCP Train,295.0,3
152022088,上海XXXX公司,2016-08-15,HCP Car Service,400.0,3
152021612,捷路XXXX赁有,2016-12-25,HCP Car Service,200.0,3
152022274,高铁XXXX高铁,2017-04-15,HCP Train,264.5,3
152023226,出租XXXX租车,2017-03-25,HCP Taxi,287.0,3
152023277,上海XXXX源汽,2017-04-12,HCP Car Service,600.0,3
152023205,中国XXXX总局,2016-11-17,HCP Train,933.0,3
152023205,中国XXXX总局,2016-11-20,HCP Train,933.0,3
152023277,上海XXXX源汽,2017-03-18,HCP Car Service,500.0,3
152023277,上海XXXX源汽,2017-03-18,HCP Car Service,700.0,3
152008046,武汉XXXX公司,2016-11-21,HCP Car Service,600.0,3
152008048,支付XXXX路总,2016-11-12,HCP Train,129.5,3
152021252,黑龙XXXX租车,2016-10-22,HCP Taxi,50.0,3
152021245,天驰XXXX公司,2016-12-22,HCP Car Service,400.0,3
152010713,阜新XXXX公司,2016-11-18,HCP Train,73.0,3
152008188,上海XXXX租赁,2016-12-03,HCP Car Service,800.0,3
85425631,中国XXXX铁路,2016-12-24,HCP Train,80.5,3
85426158,火车XXXX车站,2016-11-24,HCP Train,57.5,3
85390503,中国XXXX铁路,2016-12-02,HCP Train,178.0,3
85425631,安阳XXXX公司,2016-12-09,HCP Taxi,200.0,3
85392737,铁道XXXX道部,2016-12-03,HCP Train,92.0,3
85433309,支付XXXX路总,2017-02-11,HCP Train,198.0,3
85415379,中国XXXX铁路,2016-10-20,HCP Train,369.0,3
152016050,上海XXXX公司,2017-04-16,HCP Taxi,500.0,3
200001300,北京XXXX汽车,2016-10-22,HCP Taxi,153.0,3
200001223,福州XXXX出租,2016-11-20,HCP Taxi,220.0,3
200001300,北京XXXX汽车,2016-12-03,HCP Taxi,209.0,3
200000558,中国XXXX公司,2016-11-26,HCP Train,308.5,3
152020081,哈铁XXXX铁路,2016-12-18,HCP Train,132.0,3
200000752,中国XXXX公司,2016-11-03,HCP Train,214.0,3
200000769,高铁XXXX公司,2016-10-22,HCP Train,154.0,3
200000844,支付XXXX路总,2016-09-18,HCP Train,504.0,3
200000785,中国XXXX司资,2017-02-08,HCP Train,520.5,3
200001086,的士XXXX的士,2016-12-10,HCP Taxi,100.0,3
200000759,重庆XXXX公司,2016-12-03,HCP Car Service,400.0,3
200001393,中国XXXX铁路,2016-12-11,HCP Train,134.5,3
152017090,鑫新XXXX公司,2016-12-24,HCP Car Service,200.0,3
152014163,北京XXXX租车,2017-02-26,HCP Taxi,302.0,3
200000921,中国XXXX铁路,2016-11-12,HCP Train,154.5,3
200001215,中国XXXX高铁,2016-11-11,HCP Train,77.5,3
200000859,揭阳XXXX公司,2016-11-20,HCP Car Service,250.0,3
200000995,支付XXXX路总,2017-04-21,HCP Train,219.5,3
200001272,高铁XXXX高铁,2016-12-23,HCP Train,247.0,3
200001272,高铁XXXX高铁,2016-12-25,HCP Train,247.0,3
200001277,上海XXXX服务,2016-10-27,HCP Car Service,500.0,3
200001241,中国XXXX高铁,2017-04-05,HCP Train,364.0,3
200001241,中国XXXX高铁,2017-04-08,HCP Train,364.0,3
200001264,北京XXXX汽车,2016-12-03,HCP Taxi,250.0,3
200000785,中国XXXX公司,2016-12-03,HCP Train,495.0,3
200000785,中国XXXX公司,2016-12-05,HCP Train,495.0,3
152019017,支付XXXX活力,2016-12-06,HCP Train,94.5,3
152017163,福州XXXX公司,2017-02-18,HCP Taxi,300.0,3
152019003,利盟XXXX利盟,2017-01-18,HCP Car Service,500.0,3
152017444,中国XXXX高铁,2016-12-18,HCP Train,446.5,3
152017387,湖北XXXX公司,2016-12-24,HCP Car Service,300.0,3
152020616,中国XXXX铁路,2017-04-24,HCP Train,234.5,3
152019431,高铁XXXX高铁,2016-10-25,HCP Train,134.5,3
152020081,哈尔XXXX路局,2016-11-05,HCP Train,209.0,3
152019068,上海XXXX公司,2016-12-05,HCP Car Service,600.0,3
200000353,出租XXXX租车,2016-09-08,HCP Taxi,500.0,3
200000416,中国XXXX动车,2017-03-04,HCP Train,159.0,3
200000353,出租XXXX租车,2016-12-23,HCP Taxi,300.0,3
200000353,出租XXXX租车,2016-12-24,HCP Taxi,300.0,3
200001639,广州XXXX公司,2016-11-05,HCP Taxi,200.0,3
152011719,支付XXXX路总,2017-02-10,HCP Train,219.5,3
152017688,北京XXXX汽车,2017-02-25,HCP Taxi,300.0,3
152015906,中国XXXX铁路,2016-11-27,HCP Train,104.0,3
152016050,铁道XXXX道部,2017-04-16,HCP Train,117.0,3
152015906,中国XXXX铁路,2016-11-25,HCP Train,104.0,3
200001298,中国XXXX铁路,2016-12-16,HCP Train,159.5,3
200001295,中国XXXX铁路,2016-10-28,HCP Train,226.0,3
200001298,火车XXXX火车,2017-04-21,HCP Train,159.5,3
200001298,火车XXXX火车,2017-04-22,HCP Train,159.5,3
152017688,北京XXXX汽车,2017-02-24,HCP Taxi,300.0,3
200000353,出租XXXX租车,2016-09-09,HCP Taxi,500.0,3
152020616,上海XXXX公司,2016-12-23,HCP Car Service,600.0,3
152045669,中国XXXX高铁,2017-03-04,HCP Train,147.0,3
152045669,中国XXXX高铁,2017-03-05,HCP Train,241.5,3
152052857,中国XXXX铁路,2017-03-18,HCP Train,-219.5,3
152052857,中国XXXX铁路,2017-03-18,HCP Train,219.5,3
152052857,中国XXXX铁路,2017-04-07,HCP Train,-354.0,3
152047533,中国XXXX铁路,2017-03-18,HCP Train,560.5,3
152046981,中国XXXX铁路,2016-12-17,HCP Train,192.5,3
200000127,中国XXXX铁路,2017-02-25,HCP Train,197.0,3
200000127,支付XXXX程西,2017-02-22,HCP Train,288.0,3
152052857,中国XXXX铁路,2017-04-07,HCP Train,354.0,3
200001808,铁道XXXX道部,2017-04-07,HCP Train,229.5,3
152011496,上海XXXX铁站,2017-03-05,HCP Train,201.5,3
152011176,动车XXXX动车,2016-11-27,HCP Train,62.0,3
200002035,中国XXXX铁路,2017-04-15,HCP Train,726.5,3
200001796,高铁XXXX铁票,2016-12-24,HCP Train,560.5,3
200001807,中国XXXX铁路,2017-03-04,HCP Train,182.5,3
200001807,中国XXXX铁路,2017-03-05,HCP Train,182.5,3
200001993,中国XXXX铁路,2017-02-24,HCP Train,79.5,3
200001356,中国XXXX铁路,2016-11-17,HCP Train,181.5,3
200001547,苏州XXXX租车,2016-11-11,HCP Taxi,15.0,3
200001373,易到XXXX公司,2016-10-27,HCP Car Service,300.0,3
200001373,易到XXXX公司,2016-10-30,HCP Car Service,250.0,3
200001392,杭州XXXX店有,2016-11-11,HCP Meal - Dinner,150.4,3
200001356,中国XXXX铁路,2016-11-18,HCP Train,181.5,3
200001538,中国XXXX铁路,2016-11-19,HCP Train,99.5,3
200001481,中国XXXX铁路,2016-10-22,HCP Train,288.5,3
200001499,中国XXXX铁路,2016-10-29,HCP Train,154.0,3
200001580,trXXXXny,2016-11-05,HCP Car Service,700.0,3
200001568,郑州XXXX汽车,2016-10-15,HCP Taxi,100.0,3
152019101,中国XXXX铁路,2016-10-11,HCP Train,243.5,3
200000021,中国XXXX铁路,2017-04-21,HCP Train,336.5,3
200000094,无锡XXXX公司,2016-12-20,HCP Car Service,300.0,3
200000021,中国XXXX铁路,2017-04-20,HCP Train,336.5,3
200000127,中国XXXX铁路,2017-02-26,HCP Train,288.0,3
200000094,NaXXXXal,2016-11-24,HCP Car Service,700.0,3
152036817,汽车XXXX车票,2016-10-23,HCP Train,118.0,3
152037066,12XXXX06,2016-10-24,HCP Train,270.5,3
152036817,火车XXXX车票,2016-10-23,HCP Train,81.5,3
152021008,沈阳XXXX路局,2016-10-13,HCP Train,176.5,3
152020866,神州XXXX专车,2016-12-16,HCP Taxi,50.0,3
152039505,支付XXXX网购,2017-03-02,HCP Train,-285.5,3
152040045,中国XXXX高铁,2017-04-15,HCP Train,139.5,3
152039675,中国XXXX铁路,2017-04-14,HCP Train,206.5,3
152039116,（特XXXX华程,2017-02-24,HCP Train,206.5,3
152039401,铁路XXXX铁路,2016-12-11,HCP Train,86.0,3
152039116,铁道XXXX票务,2016-10-20,HCP Train,64.5,3
152042526,泰安XXXX餐厅,2016-11-28,HCP Meal - Lunch,138.0,3
152042805,中国XXXX铁路,2017-04-15,HCP Train,427.5,3
200002035,中国XXXX铁路,2017-04-25,HCP Train,79.5,3
200002232,中国XXXX路局,2016-10-23,HCP Train,117.0,3
200002188,中国XXXX铁路,2016-11-25,HCP Train,176.5,3
200002192,出租XXXX租车,2016-11-07,HCP Taxi,300.0,3
200002175,中国XXXX铁路,2017-01-08,HCP Train,166.0,3
200002177,南昌XXXX路局,2016-11-11,HCP Train,68.5,3
152014163,北京XXXX租车,2017-02-26,HCP Taxi,304.0,3
152014163,北京XXXX租车,2017-03-29,HCP Taxi,293.0,3
152012163,铁道XXXX道部,2017-02-18,HCP Train,198.0,3
152012163,铁道XXXX道部,2017-02-19,HCP Train,198.0,3
152012267,成都XXXX公司,2016-12-16,HCP Car Service,268.0,3
152012267,攀枝XXXX公司,2016-12-15,HCP Car Service,268.0,3
152011497,支付XXXX路总,2016-11-16,HCP Train,254.5,3
200001698,中国XXXX铁路,2016-11-04,HCP Train,193.5,3
152014163,北京XXXX租车,2017-02-26,HCP Taxi,303.0,3
200001796,高铁XXXX铁票,2016-12-24,HCP Train,50.0,3
200001917,山东XXXX高铁,2017-04-16,HCP Train,144.5,3
152040560,支付XXXX路总,2017-02-21,HCP Train,600.0,3
152039660,中国XXXX公司,2017-03-03,HCP Train,119.5,3
152044448,北京XXXX公司,2017-03-09,HCP Car Service,1400.0,3
152044448,北京XXXX公司,2017-05-03,HCP Car Service,800.0,3
152046357,金华XXXX公司,2016-11-26,HCP Taxi,20.0,3
152045764,哈尔XXXX路局,2017-03-04,HCP Train,176.5,3
152042526,泰安XXXX鲜坊,2016-12-16,HCP Meal - Dinner,160.0,3
152042526,济宁XXXX酒店,2016-12-20,HCP Meal - Lunch,160.0,3
152028299,火车XXXX火车,2016-12-14,HCP Train,470.0,3
152028716,中国XXXX铁路,2017-03-03,HCP Train,120.0,3
152028553,中国XXXX铁路,2016-11-19,HCP Train,244.5,3
152021245,天驰XXXX公司,2016-10-27,HCP Car Service,400.0,3
152021245,天驰XXXX公司,2016-11-05,HCP Car Service,400.0,3
152029009,支付XXXX路总,2016-11-14,HCP Train,44.5,3
152030074,津汽XXXX汽车,2016-12-02,HCP Car Service,300.0,3
152028546,扬州XXXX汽车,2016-12-08,HCP Car Service,1000.0,3
152028553,中国XXXX铁路,2016-11-18,HCP Train,244.5,3
152034703,中国XXXX道部,2017-03-18,HCP Train,58.0,3
152034925,中国XXXX铁路,2017-02-24,HCP Train,227.5,3
152032856,中国XXXX铁路,2016-11-26,HCP Train,322.5,3
85382999,中国XXXX铁路,2017-04-24,HCP Train,110.0,3
85392737,铁道XXXX道部,2016-12-24,HCP Train,78.5,3
85253751,中国XXXX铁路,2016-12-16,HCP Train,90.5,3
152013223,沈阳XXXX路局,2016-10-23,HCP Train,65.5,3
152011176,的士XXXX的士,2016-12-19,HCP Taxi,150.0,3
152011368,支付XXXX程西,2016-12-21,HCP Train,34.5,3
152011368,支付XXXX程西,2016-12-24,HCP Train,34.5,3
200001961,江苏XXXX余菊,2016-11-24,HCP Sponsored Registration Fee,600.0,3
200001962,中国XXXX高铁,2016-11-09,HCP Train,619.0,3
200001988,神州XXXX建）,2016-10-28,HCP Car Service,35.0,3
200002182,中国XXXX铁路,2016-12-15,HCP Train,397.0,3
200002053,广州XXXX公司,2016-11-20,HCP Car Service,200.0,3
200002196,湖南XXXX行业,2016-10-21,HCP Taxi,200.0,3
200002053,深圳XXXX公司,2016-09-10,HCP Car Service,150.0,3
200002148,中国XXXX铁路,2016-11-13,HCP Train,99.5,3
152034097,12XXXX06,2017-04-22,HCP Train,198.0,3
152021006,北京XXXX公司,2016-12-16,HCP Taxi,304.0,3
152020727,中国XXXX司资,2016-11-09,HCP Train,239.0,3
152037437,台州XXXX公司,2016-12-17,HCP Taxi,100.0,3
152037066,12XXXX06,2016-10-25,HCP Train,255.5,3
152035645,中国XXXX铁路,2017-03-30,HCP Train,300.0,3
152035645,中国XXXX铁路,2017-03-31,HCP Train,300.5,3
152024516,郑州XXXX租车,2017-03-17,HCP Taxi,150.0,3
152024516,郑州XXXX租车,2017-03-18,HCP Taxi,150.0,3
152021439,北京XXXX租车,2016-12-23,HCP Taxi,200.0,3
152021023,12XXXX06,2016-12-18,HCP Train,527.0,3
152024864,火车XXXX车票,2016-12-03,HCP Train,43.5,3
152027208,铁道XXXX票务,2017-01-13,HCP Train,269.0,3
152023753,中国XXXX高铁,2016-12-03,HCP Train,124.5,3
152023467,杭州XXXX公司,2016-12-30,HCP Taxi,300.0,3
152023467,杭州XXXX公司,2017-01-01,HCP Taxi,300.0,3
152028798,出租XXXX公司,2016-10-16,HCP Taxi,70.0,3
152028678,中国XXXX高铁,2016-11-20,HCP Train,181.5,3
152028689,中国XXXX路局,2016-10-30,HCP Train,59.5,3
152028689,中国XXXX路局,2016-11-01,HCP Train,620.0,3
152028716,中国XXXX铁路,2017-03-04,HCP Train,120.0,3
152021023,12XXXX06,2016-12-18,HCP Train,313.0,3
152021028,中国XXXX铁路,2016-11-11,HCP Train,219.5,3
152021028,神舟XXXX公司,2016-11-11,HCP Car Service,150.0,3
152024864,出租XXXX租车,2016-12-03,HCP Taxi,20.0,3
152024516,郑州XXXX汽车,2016-10-22,HCP Taxi,350.0,3
152011497,中国XXXX总局,2016-11-19,HCP Train,254.5,3
152011497,中国XXXX总局,2016-12-16,HCP Train,254.5,3
152011496,义乌XXXX铁站,2017-03-04,HCP Train,201.5,3
152010573,中国XXXX铁路,2017-03-19,HCP Train,96.0,3
152010666,中国XXXX铁路,2016-11-12,HCP Train,219.0,3
200002331,北京XXXX路局,2016-12-05,HCP Train,206.0,3
200002331,沈阳XXXX路局,2016-12-04,HCP Train,295.0,3
85382999,中国XXXX铁路,2017-04-25,HCP Train,110.0,3
415556,中国XXXX铁路,2017-04-15,HCP Train,306.0,3
200002205,中国XXXX铁路,2017-03-18,HCP Train,81.5,3
200002205,中国XXXX铁路,2017-03-17,HCP Train,81.5,3
85402066,沈阳XXXX路局,2016-12-02,HCP Train,173.5,3
85253751,中国XXXX铁路,2016-12-02,HCP Train,517.5,3
85253751,铁道XXXX票务,2016-11-22,HCP Train,61.5,3
152028774,铁道XXXX票务,2016-11-04,HCP Train,584.0,3
152021125,中国XXXX路局,2017-03-18,HCP Train,117.0,3
152021183,福州XXXX租车,2016-12-09,HCP Taxi,250.0,3
152021183,福州XXXX租车,2016-12-10,HCP Taxi,250.0,3
152021222,中国XXXX总局,2017-04-15,HCP Train,64.5,3
152007187,宜昌XXXX东站,2016-12-15,HCP Train,106.5,3
152007187,武汉XXXX汉站,2016-12-16,HCP Train,115.5,3
85456834,中国XXXX铁路,2016-10-17,HCP Train,123.0,3
105004319,铁道XXXX票务,2016-12-04,HCP Train,220.5,3
105004319,铁道XXXX票务,2016-12-04,HCP Train,234.5,3
85454324,铁道XXXX道部,2017-03-18,HCP Train,414.0,3
152008057,中国XXXX铁路,2016-10-16,HCP Train,-138.0,3
85457346,中国XXXX铁路,2016-12-08,HCP Train,184.5,3
92013203,中国XXXX铁路,2016-11-26,HCP Train,254.5,3
152021441,中国XXXX铁路,2016-11-05,HCP Train,77.5,3
152008057,中国XXXX铁路,2016-10-17,HCP Train,138.0,3
152008048,支付XXXX路总,2016-10-10,HCP Train,399.0,3
85425631,中国XXXX铁路,2016-12-23,HCP Train,80.5,3
85452928,中国XXXX公路,2016-10-11,HCP Car Service,150.0,3
152007938,易到XXXX易到,2016-12-23,HCP Car Service,200.0,3
152007967,沈阳XXXX路局,2016-11-26,HCP Train,109.5,3
85455148,中国XXXX总局,2017-03-19,HCP Train,89.5,3
85455148,潍坊XXXX公司,2016-11-18,HCP Car Service,300.0,3
85452329,中国XXXX铁路,2016-12-31,HCP Train,392.0,3
105004319,支付XXXX路总,2017-02-21,HCP Train,325.0,3
85435498,哈尔XXXX公司,2016-09-09,HCP Taxi,300.0,3
152007564,神州XXXX公司,2016-11-11,HCP Car Service,150.0,2
105004319,天津XXXX发票,2016-11-25,HCP Car Service,150.0,2
105004319,天津XXXX发票,2016-12-02,HCP Car Service,150.0,2
105004319,天津XXXX发票,2017-05-05,HCP Car Service,300.0,2
105004319,天津XXXX发票,2017-05-06,HCP Car Service,300.0,2
105004319,支付XXXX路总,2017-05-02,HCP Train,295.0,2
126002568,HoXXXXnn,2016-11-23,Snack,106.96,2
126002568,HoXXXXnn,2016-11-23,Snack,128.36,2
126002568,ITXXXXha,2016-10-17,Snack,380.25,2
85449080,中国XXXX铁路,2017-04-09,HCP Train,129.0,2
85449346,中国XXXX铁路,2017-03-25,HCP Train,515.5,2
85449346,中国XXXX铁路,2017-04-21,HCP Train,515.5,2
85449539,中国XXXX铁路,2016-10-28,HCP Train,32.5,2
85449539,中国XXXX铁路,2016-11-26,HCP Train,32.5,2
85442104,中国XXXX铁路,2017-03-04,HCP Train,123.5,2
85443314,中国XXXX铁路,2016-11-26,HCP Train,124.5,2
85444735,哈尔XXXX达广,2016-12-06,Business Mtgs/Meals (With Non-HCP External Attendees),87.4,2
152008953,中国XXXX铁路,2016-10-30,HCP Train,933.0,2
152008953,中国XXXX铁路,2016-11-24,HCP Train,933.0,2
85451149,支付XXXX路总,2016-12-03,HCP Train,512.5,2
85451665,天津XXXX租车,2016-11-10,HCP Taxi,300.0,2
85452329,中国XXXX铁路,2016-12-30,HCP Train,176.5,2
85452329,中国XXXX铁路,2016-12-30,HCP Train,392.0,2
85448565,支付XXXX路总,2017-04-19,HCP Train,209.0,2
85448725,深圳XXXX公司,2016-10-22,HCP Taxi,132.4,2
152009011,火车XXXX火车,2017-03-26,HCP Train,117.0,2
152009011,铁道XXXX道部,2016-11-05,HCP Train,117.0,2
152009652,遂宁XXXX宁站,2016-10-28,HCP Train,51.5,2
152009652,重庆XXXX北站,2016-10-29,HCP Train,51.5,2
152009926,中国XXXX铁路,2016-12-17,HCP Train,389.0,2
152009926,中国XXXX铁路,2016-12-18,HCP Train,460.0,2
152009998,支付XXXX路总,2016-11-08,HCP Train,198.0,2
152009998,支付XXXX车（,2016-11-17,HCP Car Service,500.0,2
85452978,中国XXXX铁路,2017-04-15,HCP Train,436.0,2
85452978,微信XXXX:苏,2016-10-24,HCP Train,382.0,2
85452978,河南XXXX车租,2017-04-17,HCP Car Service,700.0,2
85452745,铁道XXXX道部,2017-03-05,HCP Train,714.5,2
85452925,出行XXXX车票,2016-11-14,HCP Train,995.0,2
85452928,中国XXXX铁路,2016-11-24,HCP Train,54.5,2
85452928,中国XXXX铁路,2016-11-26,HCP Train,54.5,2
85452928,中国XXXX铁路,2017-03-10,HCP Train,52.0,2
152022269,江西XXXX客运,2016-12-16,HCP Car Service,100.0,2
152022202,中国XXXX铁路,2016-12-17,HCP Train,59.5,2
152022202,中国XXXX铁路,2016-12-17,HCP Train,71.5,2
152022202,中国XXXX铁路,2016-12-18,HCP Train,59.5,2
152022202,中国XXXX铁路,2016-12-18,HCP Train,71.5,2
152022202,公安XXXX公司,2016-12-17,HCP Car Service,17.0,2
152021611,中国XXXX道部,2016-12-02,HCP Train,89.5,2
152021612,天津XXXX汽车,2017-03-25,HCP Car Service,700.0,2
152022322,铁总XXXX铁总,2016-11-11,HCP Train,144.5,2
152022269,上海XXXX汉鑫,2016-12-09,HCP Meal - Dinner,70.0,2
152022269,中国XXXX铁路,2016-12-09,HCP Train,336.5,2
152022269,中国XXXX铁路,2016-12-16,HCP Train,5.0,2
152022269,中国XXXX铁路,2016-12-16,HCP Train,58.5,2
152022269,中国XXXX铁路,2016-12-16,HCP Train,336.5,2
152022269,中国XXXX铁路,2016-12-17,HCP Train,58.5,2
152022269,江西XXXX客运,2016-12-15,HCP Car Service,100.0,2
152021245,铁路XXXX公司,2016-12-09,HCP Train,446.0,2
152021246,中国XXXX铁路,2016-09-24,HCP Train,93.5,2
152021246,支付XXXX路总,2016-12-20,HCP Train,40.5,2
152021246,支付XXXX路总,2016-12-21,HCP Train,69.5,2
152021249,铁道XXXX票务,2016-11-02,HCP Train,117.0,2
152021251,广州XXXX公司,2016-11-18,HCP Taxi,250.0,2
152022269,鑫凯XXXX汽车,2017-05-15,HCP Car Service,600.0,2
152022274,高铁XXXX高铁,2017-04-14,HCP Train,264.5,2
152008046,诺意XXXX诺意,2017-01-17,HCP Meal - Lunch,518.0,2
152008046,鑫五XXXX租赁,2016-10-20,HCP Car Service,500.0,2
152021441,中国XXXX高铁,2016-11-05,HCP Train,77.5,2
152021443,支付XXXX路总,2016-12-15,HCP Train,120.0,2
152021251,广州XXXX公司,2016-11-20,HCP Taxi,250.0,2
152021252,中国XXXX道路,2016-10-21,HCP Car Service,78.0,2
152021252,中国XXXX道路,2016-10-22,HCP Car Service,78.0,2
152021252,中国XXXX铁路,2016-11-12,HCP Train,100.0,2
152024864,出租XXXX租车,2016-12-02,HCP Taxi,40.0,2
152024864,火车XXXX车票,2016-12-02,HCP Train,43.5,2
152024516,郑州XXXX汽车,2016-10-23,HCP Taxi,350.0,2
152021128,青岛XXXX营部,2017-03-21,HCP Small Talk / Group Meetings,600.0,2
152021136,中国XXXX铁路,2016-11-11,HCP Train,738.5,2
152021136,中国XXXX铁路,2016-11-13,HCP Train,738.5,2
152021183,中国XXXX公司,2016-11-18,HCP Train,159.5,2
152021029,支付XXXX路总,2016-11-19,HCP Train,354.0,2
152022485,火车XXXX车票,2016-10-23,HCP Train,290.5,2
152023070,中国XXXX铁路,2016-11-09,HCP Train,229.5,2
152023205,中国XXXX总局,2016-11-20,HCP Train,553.0,2
152023226,出租XXXX租车,2017-03-25,HCP Taxi,117.5,2
152024812,江西XXXX客运,2016-11-04,HCP Car Service,60.0,2
152024812,江西XXXX客运,2016-11-05,HCP Car Service,60.0,2
152024840,支付XXXX路总,2016-12-22,HCP Train,154.5,2
152024864,出租XXXX租车,2016-12-01,HCP Taxi,20.0,2
152023467,杭州XXXX公司,2016-10-29,HCP Car Service,300.0,2
152023226,出租XXXX租车,2017-03-25,HCP Taxi,121.0,2
152023226,出租XXXX租车,2017-03-25,HCP Taxi,124.0,2
152023266,微信XXXX创旅,2017-02-15,HCP Train,468.0,2
152023277,上海XXXX源汽,2017-02-26,HCP Car Service,700.0,2
152023277,上海XXXX源汽,2017-04-12,HCP Car Service,500.0,2
152022322,铁总XXXX铁总,2016-11-12,HCP Train,144.5,2
152022485,火车XXXX车票,2016-10-22,HCP Train,281.5,2
152021612,捷路XXXX赁有,2016-12-25,HCP Car Service,1200.0,2
152021612,（特XXXX华程,2017-02-24,HCP Train,94.5,2
152021720,中国XXXX铁路,2016-11-04,HCP Train,351.0,2
152022125,中国XXXX铁路,2017-04-12,HCP Train,304.5,2
152023287,中国XXXX铁路,2017-05-13,HCP Train,128.5,2
152023287,中国XXXX铁路,2017-05-13,HCP Train,206.5,2
152023287,神州XXXX公司,2016-10-24,HCP Car Service,210.0,2
152023467,中国XXXX公司,2017-03-03,HCP Train,117.0,2
152024320,支付XXXX路总,2016-09-18,HCP Train,219.5,2
152024481,中国XXXX铁路,2017-04-14,HCP Train,302.0,2
152024481,中国XXXX铁路,2017-04-15,HCP Train,302.0,2
152024481,铁道XXXX票务,2017-01-05,HCP Train,117.0,2
152023753,中国XXXX铁路,2016-12-10,HCP Train,108.5,2
152023753,中国XXXX高铁,2016-12-02,HCP Train,124.5,2
152024241,中国XXXX铁路,2016-09-24,HCP Train,93.5,2
152024241,中国XXXX铁路,2016-11-19,HCP Train,101.5,2
152021436,中国XXXX铁路,2016-11-19,HCP Train,32.5,2
152021439,北京XXXX租车,2016-10-20,HCP Taxi,200.0,2
152024812,中国XXXX公司,2016-11-04,HCP Train,110.5,2
152024812,中国XXXX公司,2016-11-05,HCP Train,166.5,2
152024241,中国XXXX铁路,2016-11-26,HCP Train,54.5,2
152024241,福州XXXX公司,2016-09-03,HCP Taxi,220.1,2
152024241,福州XXXX公司,2016-10-20,HCP Taxi,220.0,2
152024241,福州XXXX公司,2016-10-29,HCP Taxi,220.0,2
152021608,上海XXXX路局,2016-12-17,HCP Train,447.0,2
152021608,携程XXXXAY,2016-11-15,HCP Train,477.0,2
152021608,支付XXXX芽信,2017-03-08,HCP Train,117.0,2
152021608,支付XXXX路总,2016-10-22,HCP Train,117.0,2
152021608,神州XXXX建）,2016-10-29,HCP Taxi,49.0,2
152021608,神州XXXX建）,2016-10-30,HCP Taxi,49.0,2
152021608,神州XXXX建）,2016-11-06,HCP Taxi,50.0,2
152021252,黑龙XXXX租车,2016-10-22,HCP Taxi,52.0,2
152021029,支付XXXX路总,2017-01-05,HCP Train,99.5,2
152021030,支付XXXX路总,2016-10-20,HCP Train,933.0,2
152021016,支付XXXX路总,2016-11-10,HCP Train,58.0,2
152021016,铁路XXXX路局,2016-11-24,HCP Train,69.5,2
152021020,神州XXXX公司,2017-04-15,HCP Car Service,200.0,2
152021023,支付XXXX路总,2016-11-24,HCP Train,295.0,2
152021024,成都XXXX公司,2016-12-30,HCP Car Service,100.0,2
152021025,上海XXXX服务,2016-12-20,HCP Car Service,500.0,2
152024906,莆田XXXX租车,2016-12-09,HCP Taxi,50.0,2
152025377,铁道XXXX票务,2016-11-04,HCP Train,117.0,2
152025408,中铁XXXX中铁,2017-04-07,HCP Train,198.0,2
152028774,（特XXXX华程,2017-03-28,HCP Train,1147.5,2
152028774,（特XXXX华程,2017-03-30,HCP Train,229.5,2
152028774,（特XXXX华程,2017-03-31,HCP Train,229.5,2
152028798,出租XXXX公司,2016-10-14,HCP Taxi,150.0,2
152028689,神州XXXX公司,2016-10-29,HCP Car Service,200.0,2
152026375,中国XXXX铁路,2016-10-20,HCP Train,374.0,2
152026375,中国XXXX铁路,2016-10-22,HCP Train,634.0,2
152026968,支付XXXX路总,2017-04-05,HCP Train,117.0,2
152026968,支付XXXX路总,2017-04-06,HCP Train,117.0,2
152024864,火车XXXX车票,2016-12-02,HCP Train,45.5,2
152024864,火车XXXX车票,2016-12-03,HCP Train,36.5,2
152024864,火车XXXX车票,2016-12-04,HCP Train,14.5,2
152024864,火车XXXX车票,2016-12-07,HCP Train,885.0,2
152027083,神州XXXX建）,2017-02-17,HCP Car Service,75.0,2
152027083,神州XXXX建）,2017-02-19,HCP Car Service,66.0,2
152027208,铁道XXXX票务,2016-10-20,HCP Train,164.5,2
152027343,广州XXXX酒店,2017-03-23,HCP Meal - Dinner,11820.0,2
152027396,中国XXXX铁路,2016-12-17,HCP Train,97.5,2
152027396,中国XXXX铁路,2016-12-17,HCP Train,101.5,2
152025446,支付XXXX路总,2016-12-07,HCP Train,244.5,2
152025446,湖南XXXX集团,2016-12-17,HCP Car Service,200.0,2
152027396,中国XXXX铁路,2016-12-18,HCP Train,97.5,2
152027396,中国XXXX铁路,2016-12-18,HCP Train,101.5,2
152027396,福建XXXX公司,2016-11-12,HCP Taxi,200.0,2
152027887,重庆XXXX高铁,2017-01-14,HCP Train,246.5,2
152027923,上海XXXX克咖,2016-11-02,HCP Meal - Lunch,31.0,2
152027923,支付XXXX路总,2016-10-31,HCP Train,117.0,2
152027923,支付XXXX路总,2016-11-07,HCP Train,59.5,2
152027083,支付XXXX路总,2017-04-05,HCP Train,738.5,2
152028563,神州XXXX建）,2017-02-19,HCP Car Service,225.0,2
152028648,中国XXXX铁路,2016-10-22,HCP Train,164.0,2
152028648,神州XXXX州),2016-10-23,HCP Car Service,450.0,2
152028678,中国XXXX高铁,2016-11-18,HCP Train,173.5,2
152028678,中国XXXX高铁,2016-11-18,HCP Train,181.5,2
152028678,中国XXXX高铁,2016-11-19,HCP Train,181.5,2
152028678,中国XXXX高铁,2016-11-19,HCP Train,277.5,2
152027923,支付XXXX路总,2016-11-15,HCP Train,117.0,2
152021245,天驰XXXX公司,2016-11-25,HCP Car Service,400.0,2
152021245,天驰XXXX公司,2016-12-02,HCP Car Service,400.0,2
152021119,支付XXXX路总,2017-03-14,HCP Train,229.5,2
152021125,利盟XXXX利盟,2017-04-21,HCP Car Service,500.0,2
152021128,青岛XXXX营部,2017-03-08,HCP Small Talk / Group Meetings,450.0,2
152028690,北京XXXX汽车,2017-03-25,HCP Taxi,300.0,2
152028716,中国XXXX铁路,2016-12-23,HCP Train,67.5,2
152028716,中国XXXX铁路,2016-12-24,HCP Train,67.5,2
152020766,中国XXXX铁路,2016-12-17,HCP Train,513.0,2
152020766,中国XXXX铁路,2016-12-19,HCP Train,513.0,2
152020767,佛山XXXX公司,2016-10-22,HCP Car Service,200.0,2
152020767,佛山XXXX公司,2016-12-08,HCP Car Service,800.0,2
152020767,佛山XXXX公司,2016-12-17,HCP Car Service,300.0,2
152020767,佛山XXXX公司,2017-02-13,HCP Car Service,500.0,2
152020767,易到XXXX行社,2016-10-22,HCP Car Service,250.0,2
152021222,中国XXXX总局,2017-04-14,HCP Train,64.5,2
152021006,北京XXXX公司,2016-10-29,HCP Car Service,650.0,2
152021006,北京XXXX公司,2016-11-18,HCP Taxi,301.0,2
152020770,微信XXXX:苏,2016-10-18,HCP Train,673.5,2
152020770,微信XXXX:苏,2016-11-04,HCP Train,619.0,2
152020770,济南XXXX公司,2016-11-10,HCP Taxi,150.0,2
152020770,济南XXXX公司,2016-11-18,HCP Taxi,150.0,2
152020859,中国XXXX铁路,2016-11-10,HCP Train,159.5,2
152020859,南京XXXX公司,2016-12-25,HCP Car Service,500.0,2
152028798,出租XXXX公司,2016-10-30,HCP Taxi,150.0,2
152028798,沈阳XXXX阳站,2016-10-16,HCP Train,242.5,2
152029025,成都XXXX总站,2016-10-23,HCP Train,98.0,2
152029025,泸州XXXX中心,2016-10-21,HCP Train,101.5,2
152034122,重庆XXXX公司,2016-12-23,HCP Car Service,800.0,2
152034123,汽车XXXX车站,2016-11-02,HCP Car Service,280.0,2
152034123,汽车XXXX车站,2016-11-05,HCP Car Service,280.0,2
152034164,铁道XXXX道部,2016-10-22,HCP Train,933.0,2
152029086,中国XXXX铁路,2016-11-19,HCP Train,234.0,2
152029917,支付XXXX元超,2017-04-08,Business Mtgs/Meals (With Non-HCP External Attendees),135.0,2
152030074,广州XXXX的士,2016-12-03,HCP Taxi,108.0,2
152030074,广州XXXX的士,2016-12-16,HCP Taxi,198.0,2
152030074,广州XXXX的士,2016-12-17,HCP Taxi,155.0,2
152030074,柳州XXXX公司,2016-12-09,HCP Taxi,200.0,2
152028798,出租XXXX公司,2016-10-27,HCP Taxi,150.0,2
152028798,出租XXXX公司,2016-10-28,HCP Taxi,150.0,2
152030074,柳州XXXX公司,2016-12-11,HCP Taxi,200.0,2
152030074,津汽XXXX汽车,2016-12-03,HCP Car Service,300.0,2
152030074,高铁XXXX高铁,2016-12-09,HCP Train,180.5,2
152030074,高铁XXXX高铁,2016-12-11,HCP Train,180.5,2
152031010,北京XXXX公司,2016-11-04,HCP Taxi,200.0,2
152031010,北京XXXX公司,2016-11-10,HCP Taxi,200.0,2
152029086,中国XXXX铁路,2016-10-13,HCP Train,226.5,2
152029086,中国XXXX铁路,2016-11-18,HCP Train,159.5,2
152028531,中国XXXX铁路,2016-11-26,HCP Train,124.5,2
152028531,中国XXXX铁路,2016-11-27,HCP Train,117.0,2
152028553,中国XXXX铁路,2016-11-19,HCP Train,41.5,2
152031010,江苏XXXX租车,2016-11-11,HCP Taxi,15.0,2
152031830,武汉XXXX公司,2016-12-12,HCP Car Service,900.0,2
152032536,中国XXXX公司,2016-12-02,HCP Train,113.0,2
152032536,中国XXXX公司,2016-12-02,HCP Train,134.5,2
152032536,中国XXXX公司,2016-12-03,HCP Train,25.5,2
152035033,北京XXXX公司,2016-12-09,HCP Taxi,273.0,2
152035033,北京XXXX道口,2016-10-05,HCP Meal - Lunch,70.5,2
152035033,崇文XXXX43,2016-10-31,HCP Meal - Lunch,36.5,2
152035033,易宝XXXX50,2016-10-04,HCP Meal - Dinner,309.0,2
152035033,易宝XXXX50,2016-10-07,HCP Meal - Lunch,159.0,2
152035078,中国XXXX路局,2017-04-18,HCP Train,512.5,2
152034923,中国XXXX铁路,2016-12-18,HCP Train,189.5,2
152034925,中国XXXX铁路,2017-02-25,HCP Train,146.5,2
152032536,中国XXXX公司,2016-12-03,HCP Train,70.5,2
152032536,中国XXXX公司,2016-12-03,HCP Train,190.0,2
152032600,上海XXXX(S,2017-03-07,HCP Meal - Dinner,28.0,2
152032600,上海XXXX公司,2016-10-30,HCP Car Service,600.0,2
152032725,支付XXXX路总,2016-11-30,HCP Train,281.5,2
152032856,中国XXXX铁路,2016-11-27,HCP Train,322.5,2
152035033,东单XXXX39,2016-11-02,HCP Meal - Breakfast,34.0,2
152035033,北京XXXX公司,2016-12-09,HCP Taxi,268.0,2
152034097,12XXXX06,2017-04-21,HCP Train,198.0,2
152033261,上海XXXX公司,2016-10-15,HCP Car Service,700.0,2
152033261,上海XXXX公司,2016-11-05,HCP Car Service,600.0,2
152033381,济南XXXX公司,2017-03-17,HCP Car Service,200.0,2
152033381,济南XXXX公司,2017-03-19,HCP Car Service,200.0,2
152033381,铁道XXXX道部,2016-12-03,HCP Train,314.5,2
152033505,上海XXXX克咖,2016-11-09,HCP Meal - Lunch,76.0,2
152033505,支付XXXX路总,2017-04-11,HCP Train,117.0,2
152034359,中国XXXX铁路,2017-03-24,HCP Train,300.5,2
152034363,中国XXXX铁路,2016-12-10,HCP Train,246.5,2
152034363,中国XXXX铁路,2016-12-11,HCP Train,246.5,2
152034495,中国XXXX铁路,2016-10-22,HCP Train,229.5,2
152033745,铁道XXXX票务,2016-12-06,HCP Train,887.0,2
152033826,佛山XXXX车租,2016-10-28,HCP Car Service,800.0,2
152033862,中国XXXX铁路,2016-12-17,HCP Train,282.0,2
152033862,中国XXXX铁路,2016-12-17,HCP Train,336.0,2
152036629,铁道XXXX票务,2016-11-18,HCP Train,254.5,2
152036817,出租XXXX租车,2016-10-19,HCP Taxi,440.0,2
152035680,中国XXXX铁路,2016-12-02,HCP Train,645.5,2
152035680,中国XXXX铁路,2016-12-03,HCP Train,645.5,2
152035691,神州XXXX专车,2017-02-23,HCP Taxi,165.0,2
152036216,哈尔XXXX路局,2016-12-17,HCP Train,392.0,2
152036239,铁道XXXX票务,2017-03-31,HCP Train,739.0,2
152036340,广州XXXX客运,2016-12-16,HCP Car Service,200.0,2
152034672,北京XXXX租车,2016-11-04,HCP Taxi,321.0,2
152034703,中国XXXX道部,2017-03-18,HCP Train,108.0,2
152034703,中国XXXX道部,2017-03-18,HCP Train,169.0,2
152036390,12XXXX06,2016-09-02,HCP Train,72.0,2
152036390,12XXXX06,2016-09-04,HCP Train,60.5,2
152036390,12XXXX06,2016-09-23,HCP Train,72.0,2
152036629,铁道XXXX票务,2016-10-29,HCP Train,434.0,2
152036629,铁道XXXX票务,2016-11-17,HCP Train,254.5,2
152034758,铁道XXXX票务,2016-11-28,HCP Train,229.5,2
152034758,铁道XXXX道部,2016-10-27,HCP Train,876.5,2
152034781,首都XXXX餐饮,2017-01-18,HCP Meal - Breakfast,195.0,2
152034791,沈阳XXXX租车,2016-12-13,HCP Taxi,100.0,2
152034495,中国XXXX铁路,2016-11-22,HCP Train,229.5,2
152034654,中国XXXX铁路,2016-11-20,HCP Train,220.5,2
152034672,北京XXXX汽车,2017-02-24,HCP Taxi,315.0,2
152034672,北京XXXX汽车,2017-02-26,HCP Taxi,319.0,2
152034930,广州XXXX发票,2016-11-11,HCP Taxi,195.0,2
152035033,东单XXXX39,2016-10-25,HCP Meal - Breakfast,55.0,2
152035033,东单XXXX39,2016-10-26,HCP Meal - Breakfast,25.5,2
152035033,东单XXXX39,2016-11-01,HCP Meal - Breakfast,42.0,2
152035033,东单XXXX39,2016-11-02,HCP Meal - Breakfast,17.0,2
152034703,中国XXXX道部,2017-03-24,HCP Train,104.5,2
152034703,中国XXXX道部,2017-03-25,HCP Train,62.0,2
152034703,柳州XXXX公司,2017-03-25,HCP Taxi,40.0,2
152036897,长春XXXX锅餐,2016-12-20,HCP Meal - Dinner,519.0,2
152020761,上海XXXX公司,2017-04-20,HCP Taxi,52.0,2
152020762,中国XXXX铁路,2016-12-03,HCP Train,42.5,2
152020762,中国XXXX铁路,2016-12-04,HCP Train,42.5,2
152020762,广西XXXX务站,2016-12-03,HCP Car Service,53.0,2
152020627,铁路XXXX铁路,2016-11-13,HCP Train,166.0,2
152020631,支付XXXX路总,2017-03-14,HCP Train,246.5,2
152020668,支付XXXX路总,2016-10-18,HCP Train,85.5,2
152037186,微信XXXX创旅,2017-03-15,HCP Train,609.0,2
152037437,南京XXXX客运,2016-12-16,HCP Taxi,19.0,2
152037437,台州XXXX公司,2016-11-18,HCP Taxi,100.0,2
152037437,台州XXXX公司,2016-11-20,HCP Taxi,100.0,2
152037437,台州XXXX公司,2016-12-16,HCP Taxi,100.0,2
152036897,朝阳XXXX苑美,2016-10-08,HCP Meal - Dinner,293.0,2
152036897,长春XXXX店有,2016-11-22,HCP Meal - Dinner,2010.0,2
152036897,长春XXXX有限,2016-10-15,HCP Meal - Dinner,150.0,2
152035228,神州XXXX专车,2016-11-11,HCP Car Service,100.0,2
152035335,江苏XXXX业务,2016-11-10,HCP Taxi,12.0,2
152035449,医院XXXX医院,2017-03-15,Gifts,500.0,2
152035527,中国XXXX司资,2016-10-13,HCP Train,237.0,2
152035527,中国XXXX司资,2016-12-20,HCP Train,120.0,2
152035527,中国XXXX总局,2016-11-10,HCP Train,237.0,2
152035527,支付XXXX路总,2017-03-24,HCP Train,120.0,2
152037066,12XXXX06,2016-10-25,HCP Train,117.5,2
152036340,支付XXXX路总,2016-12-16,HCP Train,104.5,2
152035585,支付XXXX路总,2017-05-04,HCP Train,663.5,2
152035585,支付XXXX路总,2017-05-04,HCP Train,678.5,2
152035585,神州XXXX公司,2017-05-13,HCP Taxi,246.0,2
152035645,中国XXXX铁路,2016-11-12,HCP Train,302.0,2
152035645,中国XXXX铁路,2016-11-19,HCP Train,300.5,2
152035645,中国XXXX铁路,2016-12-02,HCP Train,178.0,2
152035228,东阳XXXX租车,2016-11-04,HCP Taxi,10.0,2
152036897,支付XXXX快在,2016-11-03,HCP Meal - Lunch,237.5,2
152036897,支付XXXX快在,2016-11-23,HCP Meal - Dinner,495.5,2
152036897,支付XXXX快在,2016-12-09,HCP Meal - Lunch,138.5,2
152036897,支付XXXX快在,2016-12-12,HCP Meal - Lunch,232.5,2
152036817,火车XXXX火车,2016-10-14,HCP Train,440.0,2
152036817,火车XXXX火车,2016-10-22,HCP Train,153.5,2
152036817,火车XXXX火车,2016-10-22,HCP Train,820.5,2
152036817,火车XXXX车票,2016-10-22,HCP Taxi,522.0,2
152020866,神州XXXX专车,2016-12-18,HCP Taxi,50.0,2
152020869,高铁XXXX高铁,2016-11-04,HCP Train,179.5,2
152036897,长春XXXX餐饮,2016-10-20,HCP Meal - Dinner,597.0,2
152036897,长春XXXX餐饮,2016-10-26,HCP Meal - Dinner,320.0,2
152037066,12XXXX06,2016-10-24,HCP Train,117.5,2
152036817,火车XXXX车票,2016-10-23,HCP Train,140.0,2
152036897,净月XXXX产业,2016-10-29,HCP Meal - Dinner,1422.0,2
152036897,吉林XXXX善镇,2016-10-11,HCP Meal - Dinner,254.0,2
152020627,铁路XXXX铁路,2016-11-11,HCP Train,149.5,2
152020627,铁路XXXX铁路,2016-11-12,HCP Train,166.0,2
152021006,北京XXXX公司,2016-12-15,HCP Taxi,297.0,2
152021006,北京XXXX公司,2016-12-15,HCP Taxi,301.0,2
152021006,北京XXXX公司,2016-12-16,HCP Taxi,298.0,2
152021008,吉林XXXX运业,2016-11-17,HCP Taxi,151.0,2
152021008,吉林XXXX运业,2016-11-19,HCP Taxi,151.0,2
152021016,支付XXXX路总,2016-11-09,HCP Train,58.0,2
152020671,神州XXXX专车,2016-10-27,HCP Taxi,400.0,2
152020671,长沙XXXX公司,2016-10-27,HCP Taxi,300.0,2
152020727,武汉XXXX租车,2016-10-15,HCP Taxi,10.0,2
152020727,铁道XXXX票务,2016-11-04,HCP Train,239.0,2
152020616,乐行XXXX公司,2017-02-15,HCP Car Service,600.0,2
152020616,易到XXXX公司,2016-10-27,HCP Car Service,500.0,2
152020627,铁路XXXX铁路,2016-10-30,HCP Train,209.0,2
152020627,铁路XXXX铁路,2016-11-11,HCP Train,99.5,2
152037437,台州XXXX公司,2017-04-21,HCP Taxi,100.0,2
152037437,台州XXXX公司,2017-04-22,HCP Taxi,100.0,2
152037437,支付XXXX路总,2016-11-10,HCP Train,602.0,2
152037437,支付XXXX路总,2016-11-29,HCP Train,568.0,2
152037437,神州XXXX公司,2016-12-17,HCP Taxi,50.0,2
152037698,铁道XXXX票务,2016-10-18,HCP Train,474.0,2
152037750,铁道XXXX票务,2016-11-04,HCP Train,748.5,2
152039675,中国XXXX铁路,2017-04-16,HCP Train,206.5,2
152038330,支付XXXX路总,2017-02-11,HCP Train,200.0,2
152038330,支付XXXX路总,2017-02-11,HCP Train,205.5,2
152038645,中国XXXX铁路,2016-11-06,HCP Train,198.0,2
152038917,中国XXXX铁路,2017-03-17,HCP Train,202.5,2
152038917,中国XXXX铁路,2017-03-19,HCP Train,169.0,2
152038917,象山XXXX营部,2016-11-04,HCP Meal - Breakfast,200.0,2
152038923,中国XXXX铁路,2016-10-14,HCP Train,182.0,2
152037437,台州XXXX公司,2017-04-15,HCP Taxi,100.0,2
152039406,中国XXXX铁路,2017-03-25,HCP Train,59.5,2
152038923,支付XXXX程西,2016-10-31,HCP Train,239.5,2
152038923,支付XXXX路总,2016-11-28,HCP Train,117.0,2
152039116,铁道XXXX票务,2016-12-05,HCP Train,196.5,2
152039116,铁道XXXX票务,2016-12-10,HCP Train,196.5,2
152039116,（特XXXX华程,2017-02-22,HCP Train,206.5,2
152039390,北京XXXX出租,2017-03-25,HCP Taxi,120.0,2
152038330,支付XXXX路总,2016-12-11,HCP Train,594.0,2
152036817,火车XXXX车票,2016-10-22,HCP Train,68.0,2
152036817,火车XXXX车票,2016-10-23,HCP Train,68.0,2
152039393,支付XXXX路总,2016-11-08,HCP Train,329.0,2
152039396,中国XXXX铁路,2016-11-10,HCP Train,282.0,2
152039396,中国XXXX铁路,2017-04-07,HCP Train,264.5,2
152039398,天津XXXX行业,2016-12-03,HCP Taxi,150.0,2
152039401,铁路XXXX铁路,2016-11-12,HCP Train,133.0,2
152039406,中国XXXX铁路,2016-11-13,HCP Train,59.5,2
152039505,中国XXXX铁路,2016-11-11,HCP Train,237.5,2
152039505,中国XXXX铁路,2016-11-26,HCP Train,178.0,2
152040842,中国XXXX铁路,2017-03-26,HCP Train,23.5,2
152040842,中国XXXX铁路,2017-03-26,HCP Train,264.5,2
152040842,南昌XXXX酒店,2016-10-22,HCP Meal - Dinner,600.0,2
152040848,北京XXXX租车,2016-12-23,HCP Taxi,298.0,2
152040848,铁路XXXX公司,2017-02-12,HCP Train,748.5,2
152041117,支付XXXX路总,2017-04-11,HCP Train,139.5,2
152039660,中国XXXX公司,2017-03-17,HCP Train,119.5,2
152039660,中国XXXX公司,2017-03-18,HCP Train,119.5,2
152039406,支付XXXX路总,2016-11-16,HCP Train,159.5,2
152039406,支付XXXX路总,2016-11-17,HCP Train,159.5,2
152039406,神州XXXX优车,2016-10-15,HCP Car Service,143.0,2
152039501,神州XXXX建）,2017-03-09,HCP Car Service,148.0,2
152039501,神州XXXX建）,2017-03-09,HCP Car Service,150.0,2
152039501,神州XXXX建）,2017-03-09,HCP Car Service,178.0,2
152039671,支付XXXX路总,2017-04-27,HCP Train,222.0,2
152039671,铁路XXXX路局,2017-05-03,HCP Train,178.5,2
152039671,铁道XXXX票务,2016-12-17,HCP Train,591.0,2
152039675,中国XXXX铁路,2016-12-26,HCP Train,206.5,2
152039505,中国XXXX铁路,2016-11-27,HCP Train,178.0,2
152039505,支付XXXX路总,2016-12-12,HCP Train,300.5,2
152039507,北京XXXX公司,2016-12-10,HCP Taxi,344.0,2
152039507,支付XXXX度信,2016-12-16,HCP Small Talk / Group Meetings,684.0,2
152040044,万达XXXX酒店,2016-12-15,HCP Meal - Lunch,170.24,2
152040044,唐山XXXX管理,2016-12-14,HCP Meal - Dinner,3443.0,2
152040044,微信XXXX吉野,2016-12-15,HCP Meal - Lunch,342.5,2
152040123,东莞XXXX司店,2016-11-15,HCP Meal - Dinner,139.0,2
152040123,东莞XXXX远店,2016-11-24,HCP Meal - Lunch,178.0,2
152039660,中国XXXX公司,2017-04-15,HCP Train,238.0,2
152039660,中国XXXX公司,2017-04-17,HCP Train,238.0,2
152039671,支付XXXX路总,2017-04-27,HCP Train,178.5,2
152042645,武汉XXXX公司,2016-11-30,HCP Meal - Dinner,865.0,2
152042645,武汉XXXX公司,2016-12-09,HCP Car Service,250.0,2
152042645,神州XXXX专车,2017-04-01,HCP Car Service,150.0,2
152042652,支付XXXX路总,2016-12-20,HCP Train,725.5,2
152042645,中国XXXX高铁,2017-03-27,HCP Train,520.5,2
152042645,中国XXXX高铁,2017-03-29,HCP Train,520.5,2
152042645,中国XXXX高铁,2017-04-07,HCP Train,264.5,2
152042645,中国XXXX高铁,2017-04-08,HCP Train,264.5,2
152040123,东莞XXXX酒楼,2016-11-22,HCP Meal - Dinner,253.0,2
152040123,东莞XXXX食店,2016-11-17,HCP Meal - Dinner,113.0,2
152040123,东莞XXXX食店,2016-12-02,HCP Meal - Dinner,93.0,2
152040123,东莞XXXX食店,2016-12-06,HCP Meal - Dinner,128.0,2
152040123,东莞XXXX饮店,2016-12-08,HCP Meal - Dinner,155.0,2
152040560,中国XXXX铁路,2017-03-23,HCP Train,407.0,2
152040560,支付XXXX路总,2016-12-01,HCP Train,601.0,2
152040560,支付XXXX路总,2016-12-06,HCP Train,300.5,2
152040842,中国XXXX铁路,2017-03-25,HCP Train,264.5,2
152040681,商丘XXXX餐厅,2016-10-26,HCP Meal - Lunch,98.0,2
152040681,郑州XXXX公司,2016-10-28,HCP Meal - Dinner,369.0,2
152040681,郑州XXXX公司,2016-11-18,HCP Meal - Dinner,289.0,2
152040681,郑州XXXX粥屋,2016-11-30,HCP Meal - Dinner,73.0,2
152040681,郑州XXXX路店,2016-10-11,HCP Meal - Dinner,243.0,2
152040681,郑州XXXX路店,2016-11-02,HCP Meal - Dinner,111.0,2
152040681,郑州XXXX路店,2016-11-06,HCP Meal - Lunch,234.0,2
152041117,神州XXXX公司,2017-04-20,HCP Car Service,85.0,2
152041348,九江XXXX公司,2016-11-19,HCP Car Service,400.0,2
152040681,郑州XXXX面馆,2016-11-10,HCP Meal - Lunch,75.0,2
152040681,郑州XXXX食城,2016-10-28,HCP Meal - Lunch,110.0,2
152040681,郑州XXXX饭庄,2016-11-12,HCP Meal - Lunch,180.0,2
152040681,郑州XXXX饮店,2016-11-13,HCP Meal - Dinner,156.0,2
152040681,郑州XXXX饮店,2016-11-16,HCP Meal - Lunch,114.0,2
152040842,中国XXXX铁路,2017-03-24,HCP Train,23.5,2
152045764,哈尔XXXX路局,2017-03-03,HCP Train,176.5,2
152045972,云南XXXX公司,2016-10-26,HCP Meal - Dinner,105.0,2
152045972,云南XXXX公司,2016-11-17,HCP Meal - Lunch,126.0,2
152045972,云南XXXX公司,2016-12-02,HCP Meal - Dinner,274.0,2
152045972,昆明XXXX公司,2016-12-02,HCP Meal - Lunch,115.0,2
152045972,昆明XXXX食府,2016-11-15,HCP Meal - Lunch,314.0,2
152044674,苏州XXXX服务,2017-01-16,HCP Car Service,650.0,2
152044705,中国XXXX铁路,2017-04-14,HCP Train,144.0,2
152042526,泰安XXXX销店,2016-11-05,HCP Meal - Dinner,133.0,2
152046046,中国XXXX路局,2017-03-09,HCP Train,419.5,2
152046263,中国XXXX路局,2016-12-18,HCP Train,99.5,2
152046263,中国XXXX路局,2016-12-23,HCP Train,159.5,2
152046263,中国XXXX路局,2016-12-23,HCP Train,419.0,2
152046263,中国XXXX路局,2017-03-25,HCP Train,134.5,2
152046263,中国XXXX路局,2017-03-25,HCP Train,139.5,2
152045764,出租XXXX公司,2016-11-06,HCP Taxi,186.0,2
152042645,中国XXXX铁路,2016-11-11,HCP Train,463.5,2
152041555,中国XXXX公司,2016-10-30,HCP Train,-64.5,2
152041555,中国XXXX公司,2016-10-30,HCP Train,64.5,2
152041719,中国XXXX铁路,2016-09-22,HCP Train,262.0,2
152041719,中国XXXX铁路,2016-09-25,HCP Train,262.0,2
152041914,铁道XXXX票务,2017-03-27,HCP Train,556.5,2
152041914,（特XXXX华程,2017-02-06,HCP Train,509.0,2
152042526,泰安XXXX山庄,2016-09-24,HCP Meal - Dinner,225.0,2
152042645,武汉XXXX公司,2016-11-14,HCP Meal - Lunch,237.0,2
152042645,武汉XXXX公司,2016-11-18,HCP Meal - Dinner,175.0,2
152042645,武汉XXXX公司,2016-11-23,HCP Meal - Dinner,283.0,2
152042645,武汉XXXX公司,2016-11-29,HCP Meal - Dinner,756.0,2
152042526,泰安XXXX餐厅,2016-11-28,HCP Meal - Lunch,-138.0,2
152042526,泰安XXXX餐店,2016-11-07,HCP Meal - Lunch,316.0,2
152042526,泰安XXXX鲜坊,2016-12-16,HCP Meal - Dinner,-160.0,2
152042526,济宁XXXX酒店,2016-12-20,HCP Meal - Lunch,-160.0,2
152020252,中国XXXX铁路,2016-12-10,HCP Train,108.5,2
152020272,中国XXXX铁路,2016-12-17,HCP Train,54.5,2
152020272,中国XXXX铁路,2016-12-18,HCP Train,54.5,2
152020501,四川XXXX服务,2016-10-27,HCP Car Service,300.0,2
152020501,四川XXXX服务,2016-10-29,HCP Car Service,300.0,2
152020508,支付XXXX路总,2017-04-01,HCP Train,748.5,2
152020081,支付XXXX路总,2016-11-23,HCP Train,204.0,2
152020081,铁路XXXX铁路,2017-04-13,HCP Train,204.0,2
152047393,广东XXXX公司,2016-12-14,HCP Meal - Lunch,35.0,2
152047393,广东XXXX公司,2016-12-16,HCP Meal - Lunch,44.5,2
152047393,广东XXXX公司,2016-12-29,HCP Meal - Lunch,21.5,2
152047393,广铁XXXX集团,2016-12-14,HCP Train,148.5,2
152020616,上海XXXX公司,2017-02-15,HCP Car Service,600.0,2
152020616,上海XXXX公司,2017-02-25,HCP Car Service,800.0,2
152020221,支付XXXX路总,2017-02-19,HCP Train,495.0,2
152020221,支付XXXX路总,2017-03-30,HCP Train,495.0,2
152044448,北京XXXX公司,2016-12-11,HCP Car Service,700.0,2
152047393,广铁XXXX集团,2016-12-15,HCP Train,164.0,2
152047393,汕头XXXX公司,2016-12-14,HCP Meal - Dinner,202.0,2
152047393,汕头XXXX公司,2016-12-30,HCP Meal - Lunch,228.0,2
152047393,汕头XXXX排馆,2017-01-08,HCP Meal - Dinner,396.0,2
152047393,汕头XXXX餐厅,2016-12-29,HCP Meal - Dinner,283.0,2
152047393,滴滴XXXX公司,2016-12-13,HCP Car Service,34.6,2
152047393,滴滴XXXX公司,2016-12-13,HCP Car Service,124.4,2
152044705,中国XXXX铁路,2017-04-15,HCP Train,97.0,2
152043286,南昌XXXX车租,2016-12-09,HCP Car Service,230.0,2
152043295,北京XXXX租车,2016-10-29,HCP Car Service,152.0,2
152043480,广州XXXX酒家,2016-10-21,HCP Meal - Lunch,187.0,2
152043480,广州XXXX食府,2016-09-21,HCP Meal - Lunch,163.0,2
152043969,中国XXXX铁路,2016-11-17,HCP Train,238.0,2
152043969,中国XXXX铁路,2016-11-19,HCP Train,381.0,2
152044448,北京XXXX公司,2016-12-09,HCP Car Service,700.0,2
152046898,高铁XXXX高铁,2017-03-19,HCP Train,369.0,2
152046432,微信XXXX大众,2017-03-30,HCP Meal - Lunch,161.0,2
152046636,南京XXXX公司,2016-11-25,HCP Meal - Dinner,288.0,2
152046636,南京XXXX公司,2016-11-26,HCP Meal - Lunch,1500.0,2
152046636,南京XXXX公司,2017-01-13,HCP Meal - Dinner,239.0,2
152046636,南京XXXX公司,2017-01-17,HCP Meal - Dinner,121.0,2
152046636,南京XXXX餐厅,2016-11-24,HCP Meal - Dinner,104.0,2
152046636,悦达XXXX公司,2017-01-09,HCP Meal - Snack,67.0,2
152020729,济南XXXX公司,2016-12-10,HCP Car Service,1600.0,2
152020729,青岛XXXX公司,2016-11-06,HCP Car Service,1500.0,2
152046636,悦达XXXX公司,2017-01-10,HCP Meal - Snack,37.0,2
152046708,星巴XXXX巴克,2016-12-15,HCP Meal - Snack,57.0,2
152046898,神州XXXX公司,2017-01-04,HCP Taxi,101.0,2
152046898,高铁XXXX高铁,2017-03-18,HCP Train,300.0,2
152046898,高铁XXXX高铁,2017-03-18,HCP Train,364.0,2
152046898,高铁XXXX高铁,2017-03-19,HCP Train,300.5,2
152020762,广西XXXX务站,2016-12-04,HCP Car Service,25.0,2
152020762,广西XXXX务站,2016-12-04,HCP Car Service,30.0,2
152020762,广西XXXX务站,2016-12-04,HCP Car Service,53.0,2
152020762,广西XXXX务站,2016-12-04,HCP Car Service,75.0,2
152020762,广西XXXX总站,2016-12-03,HCP Car Service,25.0,2
152020762,广西XXXX运站,2016-12-03,HCP Car Service,63.0,2
152020729,支付XXXX路总,2017-03-08,HCP Train,673.5,2
152020729,济南XXXX中心,2016-11-12,HCP Car Service,120.0,2
152020081,铁路XXXX铁路,2017-04-16,HCP Train,197.0,2
152020220,中国XXXX总局,2016-11-16,HCP Train,933.0,2
152020220,中国XXXX总局,2016-11-17,HCP Train,933.0,2
152020220,中国XXXX总局,2016-11-19,HCP Train,933.0,2
152020220,中国XXXX总局,2016-11-20,HCP Train,933.0,2
152020220,中国XXXX总局,2017-04-08,HCP Train,229.5,2
152020762,广西XXXX务站,2016-12-03,HCP Car Service,60.0,2
152020762,广西XXXX务站,2016-12-03,HCP Car Service,91.0,2
152047393,滴滴XXXX公司,2016-12-14,HCP Car Service,25.4,2
152047393,滴滴XXXX公司,2016-12-15,HCP Car Service,24.9,2
152047393,滴滴XXXX公司,2016-12-15,HCP Car Service,37.8,2
152047393,滴滴XXXX公司,2016-12-15,HCP Car Service,170.3,2
152047533,中国XXXX铁路,2017-03-20,HCP Train,560.5,2
152047744,上海XXXX克咖,2017-02-20,HCP Meal - Lunch,69.0,2
152047744,上海XXXX克咖,2017-02-23,HCP Meal - Breakfast,71.0,2
152053353,巴菲XXXX碑店,2017-03-25,HCP Meal - Lunch,296.0,2
152047744,上海XXXX克咖,2017-02-24,HCP Meal - Dinner,74.0,2
152047744,上海XXXX公司,2017-02-07,HCP Meal - Lunch,188.0,2
152047744,上海XXXX公司,2017-02-08,HCP Meal - Lunch,157.0,2
152047744,上海XXXX公司,2017-03-26,HCP Taxi,-172.0,2
152047744,上海XXXX公司,2017-03-26,HCP Taxi,-154.0,2
152047744,上海XXXX公司,2017-03-26,HCP Taxi,-148.0,2
152047744,上海XXXX公司,2017-03-26,HCP Taxi,148.0,2
152047744,上海XXXX公司,2017-03-26,HCP Taxi,154.0,2
152047744,上海XXXX公司,2017-03-26,HCP Taxi,172.0,2
152047744,上海XXXX管理,2017-03-17,HCP Meal - Dinner,-305.0,2
152047744,上海XXXX管理,2017-03-17,HCP Meal - Dinner,305.0,2
152047744,强生XXXX出租,2017-02-18,HCP Taxi,154.0,2
152047744,强生XXXX出租,2017-02-25,HCP Taxi,187.0,2
152047744,强生XXXX出租,2017-02-25,HCP Taxi,191.0,2
152047744,易宝XXXX50,2017-02-13,HCP Meal - Lunch,307.0,2
152047744,易宝XXXX50,2017-03-18,HCP Meal - Dinner,-218.0,2
152047744,易宝XXXX50,2017-03-18,HCP Meal - Dinner,218.0,2
152047844,中国XXXX铁路,2017-01-07,HCP Train,99.5,2
152047844,中国XXXX铁路,2017-01-08,HCP Train,99.5,2
152050204,中国XXXX铁路,2017-04-07,HCP Train,50.5,2
152050204,中国XXXX铁路,2017-04-08,HCP Train,25.0,2
152050204,中国XXXX铁路,2017-04-09,HCP Train,25.0,2
152050204,中国XXXX铁路,2017-04-09,HCP Train,50.5,2
152050770,铁道XXXX道部,2017-04-08,HCP Train,54.5,2
200000245,中国XXXX铁路,2016-10-28,HCP Train,264.5,2
200000245,高铁XXXX高铁,2016-10-14,HCP Train,504.0,2
200000258,中国XXXX铁路,2016-12-15,HCP Train,133.5,2
200000258,中国XXXX铁路,2016-12-16,HCP Train,133.5,2
200000290,中国XXXX铁路,2016-10-28,HCP Train,369.0,2
200000104,支付XXXX光（,2016-11-07,HCP Train,883.5,2
200000127,中国XXXX铁路,2016-11-13,HCP Train,288.0,2
200000127,中国XXXX铁路,2017-03-04,HCP Train,288.0,2
152051004,铁道XXXX票务,2017-03-15,HCP Train,514.0,2
152052217,北京XXXX公司,2017-03-24,HCP Car Service,250.0,2
152052217,北京XXXX公司,2017-03-26,HCP Car Service,250.0,2
152052763,南京XXXX公司,2017-03-15,HCP Meal - Lunch,108.0,2
152052763,苏州XXXX饮店,2017-03-01,HCP Meal - Lunch,193.0,2
152052763,高新XXXX餐厅,2017-03-08,HCP Meal - Dinner,289.0,2
200000127,乐行XXXX公司,2017-03-18,HCP Car Service,50.0,2
200000127,神州XXXX专车,2017-02-25,HCP Car Service,50.0,2
152052857,中国XXXX铁路,2017-04-08,HCP Train,209.0,2
152052857,中国XXXX铁路,2017-04-08,HCP Train,229.5,2
152052857,中国XXXX铁路,2017-04-08,HCP Train,254.5,2
152052857,中国XXXX铁路,2017-04-09,HCP Train,-254.5,2
152052857,中国XXXX铁路,2017-04-09,HCP Train,-204.5,2
152052857,中国XXXX铁路,2017-04-07,HCP Train,-254.5,2
152052857,中国XXXX铁路,2017-04-07,HCP Train,-204.5,2
152051004,铁道XXXX票务,2017-03-15,HCP Train,469.0,2
152053353,渝中XXXX火锅,2017-03-21,HCP Meal - Dinner,306.0,2
152053353,渝中XXXX餐馆,2017-03-23,HCP Meal - Dinner,139.0,2
152053353,邓晓XXXX碑店,2017-03-26,HCP Meal - Lunch,311.0,2
152053353,重庆XXXX公司,2017-03-16,HCP Meal - Dinner,148.0,2
152053353,重庆XXXX公司,2017-03-27,HCP Meal - Lunch,119.0,2
200000001,的士XXXX的士,2016-12-02,HCP Taxi,186.0,2
200000005,中国XXXX铁路,2016-10-29,HCP Train,727.5,2
152052857,中国XXXX铁路,2017-04-08,HCP Train,-209.0,2
152019596,上海XXXX公司,2016-10-29,HCP Car Service,300.0,2
152019911,支付XXXX路总,2016-09-21,HCP Train,185.0,2
152020081,哈尔XXXX路局,2016-11-05,HCP Train,202.0,2
152019068,中国XXXX铁路,2016-11-05,HCP Train,234.0,2
152019101,中国XXXX铁路,2016-10-13,HCP Train,243.5,2
152019219,中国XXXX铁路,2016-11-26,HCP Train,314.0,2
152019226,中国XXXX铁路,2016-09-17,HCP Train,141.5,2
152019226,北京XXXX汽车,2016-12-03,HCP Taxi,200.0,2
200000428,支付XXXX车（,2016-11-10,HCP Car Service,250.0,2
200000428,神州XXXX (,2016-11-14,HCP Car Service,250.0,2
200000451,中国XXXX路局,2016-09-22,HCP Train,104.5,2
200000451,中国XXXX路局,2016-09-23,HCP Train,126.5,2
200000385,莆田XXXX中心,2017-03-12,HCP Taxi,500.0,2
200000385,莆田XXXX中心,2017-03-15,HCP Taxi,500.0,2
200000385,莆田XXXX中心,2017-04-15,HCP Taxi,500.0,2
200000385,莆田XXXX中心,2017-04-16,HCP Taxi,500.0,2
200000021,中国XXXX铁路,2016-10-18,HCP Train,560.5,2
200000077,湖南XXXX公司,2016-10-30,HCP Taxi,300.0,2
200000084,中国XXXX铁路,2017-04-15,HCP Train,50.5,2
200000084,中国XXXX铁路,2017-04-15,HCP Train,198.0,2
200000416,中国XXXX动车,2017-03-05,HCP Train,159.0,2
200000428,支付XXXX路总,2016-11-06,HCP Train,515.5,2
200000428,支付XXXX路总,2016-11-06,HCP Train,1031.0,2
200000428,支付XXXX路总,2016-11-06,HCP Train,2577.5,2
200000127,中国XXXX铁路,2017-03-25,HCP Train,86.5,2
200000084,中国XXXX铁路,2017-04-18,HCP Train,50.5,2
200000084,中国XXXX铁路,2017-04-18,HCP Train,198.0,2
200000084,浙江XXXX租车,2017-04-17,HCP Taxi,11.0,2
200000094,中国XXXX铁路,2016-09-25,HCP Train,131.0,2
200000102,上海XXXX餐饮,2016-12-16,HCP Meal - Lunch,32.0,2
200000005,潜江XXXX公司,2016-10-29,HCP Car Service,600.0,2
200000021,中国XXXX铁路,2016-10-16,HCP Train,336.5,2
200000353,出租XXXX租车,2016-12-08,HCP Taxi,400.0,2
200000353,出租XXXX租车,2016-12-09,HCP Taxi,400.0,2
200000353,出租XXXX租车,2016-12-16,HCP Taxi,300.0,2
200000490,中国XXXX铁路,2016-11-09,HCP Train,239.0,2
200000496,神州XXXX专车,2016-11-18,HCP Car Service,250.0,2
200000496,神州XXXX专车,2016-11-19,HCP Car Service,250.0,2
200000484,中国XXXX公司,2016-12-17,HCP Train,160.5,2
200000484,驻马XXXX公司,2016-12-17,HCP Taxi,5.0,2
200000353,出租XXXX租车,2016-12-17,HCP Taxi,300.0,2
200000354,西安XXXX公司,2017-04-10,HCP Taxi,160.0,2
200000381,中国XXXX铁路,2016-11-09,HCP Train,239.0,2
200000385,莆田XXXX中心,2016-10-22,HCP Taxi,200.0,2
200000385,莆田XXXX中心,2016-11-25,HCP Taxi,500.0,2
200000296,神州XXXX公司,2016-10-16,HCP Car Service,300.0,2
200000335,福建XXXX公司,2016-11-27,HCP Car Service,800.0,2
200000335,福建XXXX公司,2016-11-27,HCP Car Service,1200.0,2
152020616,上海XXXX公司,2017-03-26,HCP Car Service,800.0,2
152020508,支付XXXX路总,2017-04-17,HCP Train,748.5,2
152020556,中国XXXX铁路,2016-12-10,HCP Train,139.5,2
152020556,支付XXXX路总,2016-10-13,HCP Train,309.0,2
152020556,支付XXXX路总,2016-12-06,HCP Train,739.0,2
200000385,莆田XXXX公司,2016-11-19,HCP Taxi,200.0,2
200000394,支付XXXX路总,2016-11-23,HCP Train,738.5,2
200000401,铁道XXXX道部,2017-04-08,HCP Train,229.5,2
152019017,支付XXXX路总,2017-03-25,HCP Train,121.5,2
152019050,中国XXXX高铁,2017-04-15,HCP Train,383.5,2
152019067,中国XXXX铁路,2017-04-08,HCP Train,264.5,2
152019067,神州XXXX优车,2017-04-07,HCP Car Service,280.0,2
152019068,上海XXXX公司,2016-10-25,HCP Car Service,600.0,2
152019068,上海XXXX公司,2016-10-29,HCP Car Service,4500.0,2
152019068,上海XXXX公司,2016-11-19,HCP Taxi,77.0,2
152020616,上海XXXX公司,2017-03-03,HCP Car Service,600.0,2
200000725,山西XXXX运输,2017-04-25,HCP Car Service,100.0,2
200000725,山西XXXX运输,2017-05-05,HCP Car Service,100.0,2
200000638,出租XXXX租车,2016-12-04,HCP Taxi,230.0,2
200000638,微信XXXX拉扎,2016-12-22,HCP Small Talk / Group Meetings,141.0,2
152018993,中国XXXX铁路,2017-04-16,HCP Train,634.0,2
152018993,济南XXXX公司,2017-04-16,HCP Car Service,240.0,2
152018722,神州XXXX专车,2016-11-11,HCP Taxi,51.0,2
152018737,成都XXXX公司,2016-12-15,HCP Car Service,300.0,2
200000451,滴滴XXXX公司,2016-12-05,HCP Car Service,600.0,2
200000451,神州XXXX公司,2016-10-21,HCP Car Service,500.0,2
200000451,神州XXXX公司,2016-10-24,HCP Car Service,600.0,2
200000451,西安XXXX古今,2016-10-28,HCP Meal - Lunch,133.0,2
200000721,北京XXXX汽车,2016-10-29,HCP Taxi,250.0,2
200000722,中国XXXX铁路,2016-11-10,HCP Train,429.0,2
200000722,宿州XXXX公司,2016-11-10,HCP Taxi,200.0,2
200000725,山西XXXX运输,2017-04-24,HCP Car Service,100.0,2
200000467,上海XXXX租赁,2016-12-21,HCP Car Service,1000.0,2
200000473,神州XXXX专车,2017-04-19,HCP Car Service,50.0,2
200000473,神州XXXX专车,2017-04-26,HCP Car Service,50.0,2
200000484,中国XXXX公司,2016-12-02,HCP Train,385.0,2
200000451,中国XXXX路局,2016-10-13,HCP Train,395.5,2
200000451,中国XXXX路局,2016-10-15,HCP Train,324.5,2
200000451,国际XXXX机场,2016-10-29,HCP Meal - Dinner,298.0,2
200000451,滴滴XXXX公司,2016-11-23,HCP Car Service,500.0,2
200000486,中国XXXX道部,2017-02-17,HCP Train,469.0,2
200000486,支付XXXX路总,2016-10-10,HCP Train,314.5,2
200000486,支付XXXX路总,2016-12-07,HCP Train,229.0,2
200000486,支付XXXX路总,2017-02-24,HCP Train,229.0,2
200000451,重庆XXXX经营,2016-10-21,HCP Meal - Dinner,617.0,2
200000451,饮食XXXX公司,2016-10-27,HCP Meal - Dinner,132.0,2
200000456,天津XXXX行业,2016-10-30,HCP Taxi,150.0,2
200000456,天津XXXX行业,2016-11-11,HCP Taxi,150.0,2
200000597,沈阳XXXX公司,2017-04-07,HCP Car Service,300.0,2
200000597,沈阳XXXX租赁,2017-02-19,HCP Car Service,600.0,2
200000638,出租XXXX租车,2016-12-01,HCP Taxi,225.0,2
200000496,重庆XXXX公司,2016-11-12,HCP Car Service,250.0,2
200000504,上海XXXX货有,2017-04-10,Gifts,480.0,2
200000514,广州XXXX公司,2016-11-18,HCP Taxi,350.0,2
200000514,广州XXXX公司,2016-11-19,HCP Taxi,355.0,2
200000528,TrXXXXin,2016-11-13,HCP Train,738.5,2
152019596,上海XXXX公司,2016-10-27,HCP Car Service,300.0,2
200000651,铁道XXXX票务,2017-03-10,HCP Car Service,246.5,2
200000679,中国XXXX铁路,2017-04-22,HCP Train,654.5,2
200000721,北京XXXX汽车,2016-10-28,HCP Taxi,250.0,2
200000556,佳音XXXX音达,2017-04-18,HCP Car Service,300.0,2
200000558,中国XXXX公司,2017-04-09,HCP Train,520.5,2
200000581,动车XXXX车票,2016-11-26,HCP Train,39.5,2
200000597,南京XXXX租赁,2017-02-19,HCP Car Service,700.0,2
152020081,哈铁XXXX路局,2016-11-06,HCP Train,204.0,2
152020081,哈铁XXXX铁路,2016-12-16,HCP Train,136.0,2
152020081,哈铁XXXX铁路,2016-12-18,HCP Train,197.0,2
152020081,客运XXXX客运,2016-11-25,HCP Car Service,122.0,2
152020081,客运XXXX客运,2016-12-15,HCP Car Service,146.0,2
152019431,高铁XXXX高铁,2016-10-25,HCP Train,139.5,2
152019529,上海XXXX公司,2016-10-18,HCP Taxi,12.0,2
152019529,支付XXXX路总,2016-10-18,HCP Train,99.5,2
152018813,兰州XXXX租车,2016-11-25,HCP Taxi,180.0,2
152018813,兰州XXXX租车,2016-12-09,HCP Taxi,400.0,2
152018813,兰州XXXX租车,2016-12-11,HCP Taxi,400.0,2
152018143,车站XXXX车站,2016-12-09,HCP Train,120.5,2
152018368,中国XXXX铁路,2017-02-25,HCP Train,352.5,2
152018441,重庆XXXX公司,2017-04-10,HCP Car Service,400.0,2
152018710,中国XXXX铁路,2016-10-13,HCP Train,226.0,2
152018710,中国XXXX铁路,2016-10-15,HCP Train,226.0,2
200001062,中国XXXX铁路,2016-12-15,HCP Train,313.0,2
200001067,广州XXXX公司,2017-04-14,HCP Taxi,351.0,2
200001081,广东XXXX(医,2016-12-26,HCP Sponsored Registration Fee,1050.0,2
200001083,台州XXXX出租,2016-12-02,HCP Taxi,100.0,2
200001083,台州XXXX出租,2016-12-03,HCP Taxi,100.0,2
200001086,的士XXXX的士,2016-12-10,HCP Taxi,200.0,2
200001086,的士XXXX的士,2016-12-10,HCP Taxi,450.0,2
200001043,火车XXXX车票,2017-03-25,HCP Train,251.0,2
200000785,中国XXXX公司,2016-10-27,HCP Train,382.0,2
200000785,中国XXXX公司,2016-10-29,HCP Train,382.0,2
200000725,山西XXXX运输,2017-05-06,HCP Car Service,100.0,2
200000752,中国XXXX公司,2016-11-02,HCP Train,359.0,2
200000752,北京XXXX租车,2016-09-19,HCP Taxi,13.0,2
200000759,宇祺XXXX公司,2017-01-09,HCP Car Service,400.0,2
200000766,中国XXXX铁路,2017-03-09,HCP Train,653.5,2
200000766,中国XXXX铁路,2017-04-07,HCP Train,94.5,2
200000844,广州XXXX客运,2016-12-16,HCP Car Service,200.0,2
200000785,中国XXXX公司,2017-02-18,HCP Train,520.5,2
200000785,中国XXXX公司,2017-03-09,HCP Train,749.5,2
200000785,中国XXXX司资,2017-02-16,HCP Train,520.5,2
200000785,郑州XXXX公司,2016-10-29,HCP Taxi,180.0,2
200000810,中铁XXXX集团,2016-12-10,HCP Train,73.0,2
200000830,高铁XXXX高铁,2016-11-19,HCP Train,55.0,2
200000766,支付XXXX路总,2017-03-22,HCP Train,229.5,2
200000530,易到XXXX易到,2017-01-17,HCP Car Service,300.0,2
200000530,易到XXXX易到,2017-02-06,HCP Car Service,300.0,2
200000836,中国XXXX铁路,2016-11-18,HCP Train,254.5,2
200000836,中国XXXX铁路,2016-11-19,HCP Train,254.5,2
200000836,中国XXXX铁路,2016-12-16,HCP Train,254.5,2
200000836,中国XXXX铁路,2017-04-08,HCP Train,254.5,2
200000843,九龙XXXX餐馆,2016-11-26,HCP Meal - Dinner,160.0,2
200000844,中国XXXX铁路,2016-09-25,HCP Train,504.0,2
200001062,中国XXXX中心,2016-10-14,HCP Train,178.0,2
200001062,中国XXXX铁路,2016-12-03,HCP Train,264.5,2
200001062,中国XXXX铁路,2016-12-13,HCP Train,425.5,2
200000995,中国XXXX路局,2017-04-14,HCP Train,229.5,2
200001036,北京XXXX租车,2016-12-18,HCP Taxi,300.0,2
200001036,高铁XXXX高铁,2016-12-18,HCP Train,314.5,2
200001043,火车XXXX车票,2017-03-25,HCP Train,189.0,2
200001043,火车XXXX车票,2017-03-25,HCP Train,217.0,2
152019007,支付XXXX度信,2016-12-27,HCP Meal - Dinner,156.0,2
152019017,支付XXXX路总,2017-03-23,HCP Train,163.5,2
152019017,支付XXXX路总,2017-03-24,HCP Train,102.5,2
152019017,支付XXXX路总,2017-03-24,HCP Train,121.5,2
152018813,神州XXXX公司,2016-11-25,HCP Taxi,200.0,2
152018993,中国XXXX铁路,2017-04-15,HCP Train,646.0,2
152018993,中国XXXX铁路,2017-04-15,HCP Train,673.5,2
200001061,武汉XXXX车租,2017-01-10,HCP Car Service,400.0,2
152017090,高铁XXXX高铁,2016-11-20,HCP Train,304.5,2
152017090,高铁XXXX高铁,2016-12-24,HCP Train,300.5,2
152017090,高铁XXXX高铁,2016-12-25,HCP Train,300.5,2
152017191,支付XXXX路总,2017-04-02,HCP Train,738.5,2
152017305,辽宁XXXX公司,2016-10-27,HCP Taxi,152.0,2
152017387,支付XXXX路总,2016-10-27,HCP Train,264.5,2
152019003,中国XXXX铁路,2016-12-03,HCP Train,84.5,2
152019003,杭州XXXX服务,2016-12-05,HCP Car Service,600.0,2
200001061,武汉XXXX路局,2016-10-28,HCP Train,148.0,2
152017774,重庆XXXX公司,2017-04-18,HCP Taxi,200.0,2
152017900,沈阳XXXX路局,2016-11-18,HCP Train,97.5,2
152017900,沈阳XXXX路局,2016-11-18,HCP Train,138.5,2
152017391,出租XXXX租车,2016-10-22,HCP Taxi,100.0,2
152017522,铁道XXXX票务,2016-12-13,HCP Train,687.0,2
152017532,神州XXXX建）,2016-12-01,HCP Car Service,90.0,2
152017090,高铁XXXX高铁,2016-11-05,HCP Train,172.0,2
200001106,长治XXXX务汽,2016-12-01,HCP Car Service,750.0,2
200001112,沈阳XXXX汽车,2016-10-16,HCP Taxi,150.0,2
200001112,铁路XXXX铁路,2016-10-15,HCP Train,147.0,2
200001112,铁路XXXX铁路,2016-10-16,HCP Train,45.0,2
200001282,出租XXXX租车,2017-02-26,HCP Taxi,150.0,2
200001282,微信XXXX携程,2017-02-21,HCP Train,65.5,2
200001282,支付XXXX路总,2016-11-21,HCP Train,100.5,2
200001282,支付XXXX路总,2016-12-10,HCP Train,65.5,2
200001148,微信XXXX:苏,2016-10-25,HCP Train,459.0,2
200001148,支付XXXX路总,2017-03-21,HCP Train,229.5,2
200001148,支付XXXX路总,2017-04-11,HCP Train,416.5,2
200001157,成都XXXX宾馆,2016-11-15,HCP Meal - Lunch,176.0,2
200001157,成都XXXX方阁,2016-11-18,HCP Meal - Lunch,216.0,2
200001157,成都XXXX院坝,2016-11-21,HCP Meal - Lunch,115.0,2
200001157,星图XXXX食店,2016-11-10,HCP Meal - Dinner,110.0,2
200001091,支付XXXX路总,2017-05-03,HCP Train,117.0,2
200001215,济南XXXX公司,2016-10-20,HCP Car Service,150.0,2
200001163,神州XXXX建）,2017-03-30,HCP Car Service,400.0,2
200001164,中国XXXX司资,2016-10-12,HCP Train,877.5,2
200001196,支付XXXX网购,2016-11-11,HCP Car Service,400.0,2
200001196,神州XXXX公司,2016-11-05,HCP Car Service,400.0,2
200001196,神州XXXX公司,2017-02-18,HCP Car Service,400.0,2
200001196,神州XXXX公司,2017-04-23,HCP Car Service,300.0,2
200001215,中国XXXX高铁,2016-10-10,HCP Train,264.5,2
200001043,火车XXXX车票,2017-03-25,HCP Train,223.0,2
200000859,揭阳XXXX公司,2016-11-04,HCP Car Service,500.0,2
200000876,成都XXXX柒零,2016-10-26,HCP Meal - Dinner,750.0,2
200000884,重庆XXXX公司,2016-10-23,HCP Car Service,400.0,2
200001215,中国XXXX高铁,2016-11-18,HCP Train,212.5,2
200001215,中国XXXX高铁,2016-11-18,HCP Train,268.5,2
200001215,泰安XXXX公司,2016-10-10,HCP Car Service,150.0,2
200001215,泰安XXXX公司,2016-10-12,HCP Car Service,150.0,2
152016236,支付XXXX路总,2016-11-30,HCP Train,124.5,2
152016299,支付XXXX路总,2017-02-13,HCP Train,229.5,2
152016480,铁道XXXX票务,2016-12-14,HCP Train,748.5,2
152016512,昆明XXXX白云,2017-01-17,HCP Meal - Dinner,145.0,2
152016002,支付XXXX程西,2017-03-16,HCP Train,239.0,2
152016050,铁道XXXX道部,2017-04-15,HCP Train,117.0,2
152016076,重庆XXXX公司,2016-10-22,HCP Car Service,200.0,2
152016076,铁道XXXX票务,2016-12-06,HCP Train,38.0,2
200001321,中国XXXX铁路,2016-09-23,HCP Train,129.5,2
200001321,中国XXXX铁路,2016-09-24,HCP Train,79.5,2
200001321,中国XXXX铁路,2016-11-04,HCP Train,44.5,2
200001321,黄河XXXX运局,2016-09-23,HCP Car Service,100.0,2
200001321,黄河XXXX运局,2016-09-24,HCP Car Service,100.0,2
200001300,北京XXXX汽车,2016-11-17,HCP Taxi,252.0,2
200001300,北京XXXX汽车,2016-11-19,HCP Taxi,254.0,2
200001300,北京XXXX汽车,2016-12-02,HCP Taxi,202.0,2
200001259,支付XXXX路总,2017-02-07,HCP Train,748.5,2
200001215,济南XXXX租赁,2016-11-11,HCP Car Service,150.0,2
200001223,中国XXXX铁路,2016-11-20,HCP Train,84.5,2
200001223,福州XXXX出租,2016-11-19,HCP Taxi,220.0,2
200001223,福州XXXX出租,2016-12-09,HCP Taxi,220.0,2
200001223,福州XXXX出租,2016-12-10,HCP Taxi,200.0,2
200001236,中国XXXX公司,2016-11-09,HCP Train,314.5,2
200001300,北京XXXX汽车,2016-12-04,HCP Taxi,203.0,2
200001264,北京XXXX汽车,2016-10-21,HCP Taxi,300.0,2
200001264,北京XXXX汽车,2016-11-19,HCP Taxi,250.0,2
200001267,支付XXXX程西,2016-12-22,HCP Train,264.5,2
200001267,支付XXXX路总,2016-09-18,HCP Train,369.0,2
200001267,支付XXXX路总,2016-10-09,HCP Train,472.0,2
200001267,支付XXXX路总,2016-12-14,HCP Train,545.0,2
200001241,中国XXXX高铁,2016-11-15,HCP Train,933.0,2
200001248,中国XXXX铁路,2017-02-10,HCP Train,748.5,2
200001295,中国XXXX铁路,2017-03-09,HCP Train,289.5,2
200001295,中国XXXX铁路,2017-03-10,HCP Train,289.5,2
200001296,支付XXXX路总,2016-11-01,HCP Train,298.5,2
200001296,支付XXXX路总,2016-12-03,HCP Train,120.0,2
200001392,铁道XXXX道部,2017-03-04,HCP Train,120.0,2
200001393,中国XXXX铁路,2016-12-09,HCP Train,44.5,2
200001393,中国XXXX铁路,2016-12-09,HCP Train,134.5,2
200001393,中国XXXX铁路,2016-12-10,HCP Train,57.0,2
200001300,北京XXXX汽车,2016-12-03,HCP Taxi,207.0,2
200001298,中国XXXX铁路,2016-12-17,HCP Train,99.5,2
200001300,北京XXXX汽车,2016-08-23,HCP Taxi,302.0,2
200001300,北京XXXX汽车,2016-09-23,HCP Taxi,200.0,2
200001300,北京XXXX汽车,2016-10-20,HCP Taxi,201.0,2
200001300,北京XXXX汽车,2016-10-22,HCP Taxi,151.0,2
200001294,中国XXXX铁路,2016-10-27,HCP Train,178.5,2
200001295,中国XXXX铁路,2016-10-29,HCP Train,226.0,2
152018143,车站XXXX车站,2016-12-03,HCP Train,65.5,2
152018143,车站XXXX车站,2016-12-03,HCP Train,78.5,2
152018143,车站XXXX车站,2016-12-08,HCP Train,169.5,2
152017532,铁道XXXX票务,2016-11-28,HCP Train,246.5,2
152017774,重庆XXXX公司,2017-04-15,HCP Taxi,200.0,2
200001300,北京XXXX汽车,2016-12-02,HCP Taxi,203.0,2
200001300,北京XXXX汽车,2016-12-02,HCP Taxi,204.0,2
200001300,北京XXXX汽车,2016-12-02,HCP Taxi,207.0,2
152016089,宜昌XXXX聚财,2017-03-12,HCP Meal - Lunch,299.0,2
152015022,中国XXXX总局,2017-05-07,HCP Train,92.0,2
152015313,中国XXXX铁路,2016-12-02,HCP Train,322.5,2
152015906,中国XXXX铁路,2017-04-15,HCP Train,93.0,2
152015906,梧州XXXX公司,2016-11-25,HCP Taxi,40.0,2
152015991,中国XXXX铁路,2017-04-07,HCP Train,457.0,2
152017916,上海XXXX市有,2016-12-04,HCP Meal - Lunch,1069.0,2
152017939,重庆XXXX务局,2016-10-21,HCP Taxi,100.0,2
200001392,铁道XXXX道部,2016-11-26,HCP Train,172.5,2
200001392,铁道XXXX道部,2016-11-28,HCP Train,172.5,2
200001356,中国XXXX铁路,2016-11-19,HCP Train,173.5,2
200001356,沈阳XXXX租车,2016-11-18,HCP Car Service,8.0,2
200001369,易到XXXX公司,2016-11-15,HCP Car Service,300.0,2
200001373,易到XXXX公司,2016-10-27,HCP Car Service,400.0,2
200001322,项师XXXX车队,2016-10-29,HCP Car Service,1500.0,2
200001322,龙骧XXXX交通,2017-04-17,HCP Car Service,300.0,2
152016692,铁道XXXX票务,2016-11-10,HCP Train,715.5,2
152016764,山东XXXX公司,2016-11-07,HCP Car Service,1200.0,2
152016764,铁道XXXX票务,2017-03-29,HCP Train,767.0,2
152016911,中国XXXX铁路,2016-09-21,HCP Train,141.5,2
152016911,中国XXXX铁路,2016-09-23,HCP Train,101.5,2
152017090,鑫新XXXX公司,2016-12-25,HCP Car Service,300.0,2
152016227,支付XXXX路总,2016-12-15,HCP Train,164.5,2
200001392,杭州XXXX租车,2016-11-18,HCP Taxi,74.0,2
152014163,中国XXXX铁路,2017-02-26,HCP Train,206.5,2
152014163,北京XXXX租车,2017-02-26,HCP Taxi,292.0,2
152014163,北京XXXX租车,2017-02-26,HCP Taxi,294.0,2
152014163,北京XXXX租车,2017-02-26,HCP Taxi,298.0,2
152013454,中国XXXX铁路,2016-12-17,HCP Train,319.0,2
152013454,中国XXXX铁路,2016-12-18,HCP Train,140.0,2
152013576,中国XXXX铁路,2016-10-21,HCP Train,177.0,2
152013576,中国XXXX铁路,2016-10-22,HCP Train,177.0,2
200001393,支付XXXX路总,2016-12-06,HCP Train,68.5,2
200001394,支付XXXX路总,2016-12-13,HCP Train,504.0,2
200001394,湖南XXXX集团,2016-12-16,HCP Taxi,400.0,2
200001373,易到XXXX公司,2016-10-30,HCP Car Service,400.0,2
200001388,中国XXXX铁路,2017-04-22,HCP Train,329.5,2
152014163,北京XXXX租车,2017-03-29,HCP Taxi,301.0,2
152014163,北京XXXX租车,2017-03-29,HCP Taxi,304.0,2
152014163,中国XXXX铁路,2017-02-26,HCP Train,128.5,2
200001444,中国XXXX公司,2016-12-03,HCP Train,65.5,2
200001446,姑苏XXXX饮店,2016-12-24,HCP Meal - Lunch,188.0,2
200001446,泰州XXXX酒店,2016-12-12,HCP Small Talk / Group Meetings,2311.0,2
200001454,支付XXXX车（,2016-12-24,HCP Car Service,300.0,2
200001639,广州XXXX公司,2016-10-30,HCP Taxi,300.0,2
200001639,广州XXXX公司,2016-11-06,HCP Taxi,200.0,2
200001640,出租XXXX租车,2016-10-27,HCP Taxi,150.0,2
200001644,中国XXXX铁路,2016-12-10,HCP Train,199.0,2
200001481,中国XXXX铁路,2017-04-15,HCP Train,544.0,2
200001483,中国XXXX铁路,2017-03-04,HCP Train,130.5,2
200001489,支付XXXX路总,2017-04-26,HCP Train,41.0,2
200001489,支付XXXX路总,2017-04-27,HCP Train,41.0,2
200001394,湖南XXXX集团,2016-12-17,HCP Taxi,400.0,2
200001400,上海XXXX程林,2017-01-22,Meeting-Related Expense,200.0,2
200001424,（特XXXX华程,2017-02-21,HCP Train,245.0,2
200001444,中国XXXX公司,2016-12-02,HCP Train,86.0,2
200001555,北京XXXX出租,2017-04-15,HCP Taxi,203.0,2
200001558,火车XXXX火车,2016-12-18,HCP Train,120.0,2
200001538,中国XXXX铁路,2016-11-06,HCP Train,113.5,2
200001538,中国XXXX铁路,2016-11-18,HCP Train,119.5,2
200001538,山东XXXX客运,2016-11-06,HCP Car Service,68.0,2
200001547,上海XXXX公司,2016-11-19,HCP Taxi,14.0,2
200001477,铁道XXXX票务,2016-12-06,HCP Train,450.0,2
200001481,中国XXXX铁路,2016-10-23,HCP Train,177.0,2
200001322,龙骧XXXX集团,2016-12-17,HCP Car Service,200.0,2
200001322,龙骧XXXX集团,2016-12-18,HCP Car Service,200.0,2
200001330,支付XXXX路总,2016-12-08,HCP Train,139.5,2
200001547,天津XXXX发票,2016-11-18,HCP Taxi,200.0,2
200001547,高铁XXXX高铁,2016-11-18,HCP Train,868.5,2
200001547,高铁XXXX高铁,2016-11-20,HCP Train,868.5,2
200001547,高铁XXXX高铁,2016-12-23,HCP Train,278.0,2
200001548,中国XXXX铁路,2016-10-20,HCP Train,803.5,2
200001691,支付XXXX路总,2016-11-22,HCP Train,174.5,2
200001691,支付XXXX路总,2016-12-07,HCP Train,291.0,2
152012459,中国XXXX铁路,2016-09-28,HCP Train,382.0,2
152012459,乐行XXXX公司,2016-12-29,HCP Car Service,64.5,2
152012459,易到XXXX易到,2017-03-25,HCP Car Service,150.0,2
152011947,淮南XXXX公司,2016-11-18,HCP Taxi,80.0,2
152012163,出租XXXX租车,2017-02-19,HCP Taxi,30.0,2
152012163,铁道XXXX道部,2016-12-18,HCP Train,117.0,2
200001576,火车XXXX火车,2016-12-02,HCP Train,121.0,2
200001576,火车XXXX火车,2016-12-03,HCP Train,121.0,2
200001780,中国XXXX铁路,2016-11-18,HCP Train,300.5,2
200001780,中国XXXX铁路,2016-11-19,HCP Train,300.0,2
200001787,武汉XXXX公司,2016-10-24,HCP Car Service,500.0,2
200001787,武汉XXXX公司,2016-12-12,HCP Car Service,550.0,2
200001787,武汉XXXX公司,2016-12-12,HCP Car Service,850.0,2
200001691,支付XXXX路总,2016-11-16,HCP Train,304.5,2
200001576,火车XXXX火车,2016-12-10,HCP Train,149.5,2
200001580,caXXXXny,2016-12-06,HCP Car Service,700.0,2
200001580,xiXXXXon,2016-10-20,HCP Car Service,700.0,2
200001582,黑龙XXXX发票,2016-10-27,HCP Taxi,231.0,2
200001568,支付XXXX达天,2016-10-03,HCP Train,369.0,2
200001568,洛阳XXXX公司,2016-12-15,HCP Taxi,60.0,2
200001568,洛阳XXXX公司,2016-12-15,HCP Taxi,100.0,2
200001568,郑州XXXX汽车,2017-03-19,HCP Taxi,183.0,2
200001644,广州XXXX租车,2016-11-05,HCP Taxi,387.0,2
200001582,黑龙XXXX发票,2016-11-25,HCP Taxi,231.0,2
200001582,黑龙XXXX发票,2016-11-26,HCP Taxi,101.0,2
200001589,沈阳XXXX租车,2016-12-17,HCP Taxi,150.0,2
200001639,中国XXXX铁路,2017-03-19,HCP Train,738.5,2
200001576,火车XXXX火车,2016-12-09,HCP Train,79.5,2
200001576,火车XXXX火车,2016-12-09,HCP Train,149.5,2
200001576,火车XXXX火车,2016-12-10,HCP Train,79.5,2
200001671,中国XXXX铁路,2017-04-06,HCP Train,115.5,2
200001671,中国XXXX铁路,2017-04-07,HCP Train,115.5,2
200001671,支付XXXX路总,2016-11-28,HCP Train,221.0,2
200001917,高铁XXXX高铁,2017-02-24,HCP Train,144.5,2
200001920,微信XXXX:苏,2016-10-26,HCP Train,117.0,2
200001920,微信XXXX:苏,2016-11-01,HCP Train,678.0,2
200001920,微信XXXX创旅,2016-12-15,HCP Train,124.5,2
200001920,微信XXXX创旅,2017-05-05,HCP Train,396.0,2
200001671,支付XXXX路总,2016-12-02,HCP Train,115.5,2
200001690,12XXXX06,2016-12-24,HCP Train,99.5,2
200001690,12XXXX06,2017-04-23,HCP Train,254.5,2
200001690,神州XXXX专车,2016-11-08,HCP Car Service,200.0,2
200001690,神州XXXX专车,2016-12-24,HCP Car Service,200.0,2
200001644,江门XXXX租车,2016-11-05,HCP Taxi,406.0,2
200001655,中国XXXX铁路,2016-11-11,HCP Train,117.0,2
200001655,中国XXXX铁路,2016-11-12,HCP Train,73.0,2
152014316,中国XXXX铁路,2016-11-11,HCP Train,405.0,2
152014552,上海XXXX汽车,2016-11-12,HCP Car Service,1500.0,2
152014671,中国XXXX铁路,2017-04-15,HCP Train,92.5,2
152014671,中国XXXX铁路,2017-04-17,HCP Train,147.5,2
152014163,北京XXXX租车,2017-02-26,HCP Taxi,305.0,2
200001697,中国XXXX公司,2016-12-24,HCP Train,312.5,2
200001773,中国XXXX铁路,2016-11-05,HCP Train,824.5,2
200001671,支付XXXX路总,2016-11-29,HCP Train,110.5,2
152012163,铁道XXXX道部,2017-02-17,HCP Train,198.0,2
152011617,微信XXXX巴克,2017-02-23,HCP Meal - Breakfast,20.0,2
152011776,中国XXXX铁路,2016-12-02,HCP Train,226.0,2
152011947,中国XXXX高铁,2017-04-27,HCP Train,383.5,2
152011947,中国XXXX高铁,2017-04-27,HCP Train,388.5,2
152014163,北京XXXX租车,2017-03-29,HCP Taxi,306.0,2
152014163,北京XXXX租车,2017-03-29,HCP Taxi,307.0,2
152014231,铁道XXXX票务,2016-11-13,HCP Train,139.5,2
200001987,高铁XXXX高铁,2016-12-02,HCP Train,104.5,2
200001987,高铁XXXX高铁,2016-12-03,HCP Train,54.5,2
152011477,支付XXXX周文,2017-04-17,HCP Small Talk / Group Meetings,500.0,2
152011176,动车XXXX动车,2016-11-26,HCP Train,169.0,2
152011176,动车XXXX动车,2016-12-09,HCP Train,169.0,2
152011176,的士XXXX的士,2016-11-26,HCP Taxi,100.0,2
152011176,的士XXXX的士,2016-12-09,HCP Taxi,100.0,2
152011204,出租XXXX租车,2017-03-25,HCP Taxi,120.0,2
200001804,上海XXXX克咖,2017-02-17,HCP Meal - Dinner,59.0,2
200001993,中国XXXX铁路,2017-02-24,HCP Train,169.0,2
200001993,中国XXXX铁路,2017-02-26,HCP Train,243.5,2
200001993,深圳XXXX公司,2017-02-25,HCP Taxi,25.0,2
200002018,神州XXXX专车,2017-02-25,HCP Taxi,430.0,2
200002035,中国XXXX铁路,2017-04-18,HCP Train,726.5,2
200001987,高铁XXXX高铁,2016-11-05,HCP Train,185.0,2
200001987,高铁XXXX高铁,2016-12-02,HCP Train,57.0,2
200001915,易宝XXXX50,2017-01-15,HCP Meal - Dinner,145.0,2
200001917,山东XXXX高铁,2017-04-15,HCP Train,144.5,2
200001808,铁道XXXX道部,2016-12-29,HCP Train,933.0,2
200001808,铁道XXXX道部,2017-04-08,HCP Train,229.5,2
200001820,中国XXXX铁路,2016-12-01,HCP Train,238.0,2
200001857,中国XXXX铁路,2016-12-09,HCP Train,279.0,2
200001863,高铁XXXX高铁,2017-04-21,HCP Train,314.0,2
200001796,火车XXXX车票,2016-11-13,HCP Train,443.5,2
200001921,烟台XXXX服务,2017-04-22,HCP Car Service,800.0,2
200001921,烟台XXXX服务,2017-04-22,HCP Car Service,1200.0,2
200001961,中国XXXX铁路,2016-12-24,HCP Train,94.0,2
200001863,高铁XXXX高铁,2017-04-23,HCP Train,504.0,2
200001882,出租XXXX公司,2017-05-07,HCP Taxi,240.0,2
200001882,出租XXXX公司,2017-05-07,HCP Taxi,242.0,2
200001915,易宝XXXX50,2017-01-09,HCP Meal - Dinner,390.0,2
200001915,易宝XXXX50,2017-01-10,HCP Meal - Dinner,369.0,2
200001987,高铁XXXX高铁,2016-11-05,HCP Train,127.0,2
200001962,中国XXXX高铁,2016-10-21,HCP Train,485.5,2
200001963,海口XXXX大酒,2017-02-10,HCP Meal - Dinner,2644.0,2
200001963,海口XXXX川味,2017-03-06,HCP Meal - Dinner,924.0,2
200001965,出租XXXX租车,2016-11-19,HCP Taxi,101.0,2
200001965,出租XXXX租车,2016-11-19,HCP Taxi,104.0,2
200002169,中国XXXX铁路,2016-12-18,HCP Train,129.5,2
200002169,中国XXXX铁路,2017-04-15,HCP Train,264.5,2
200001988,中国XXXX铁路,2016-10-28,HCP Train,154.0,2
200001965,出租XXXX租车,2017-04-15,HCP Taxi,200.0,2
200001968,中国XXXX路局,2017-04-06,HCP Train,102.5,2
200001968,中国XXXX路局,2017-04-07,HCP Train,106.5,2
200001968,中国XXXX铁路,2016-12-03,HCP Train,102.5,2
200001977,上海XXXX租赁,2016-11-07,HCP Car Service,700.0,2
200001987,高铁XXXX高铁,2016-11-04,HCP Train,110.0,2
200001987,高铁XXXX高铁,2016-11-04,HCP Train,185.0,2
152012459,铁道XXXX票务,2016-12-16,HCP Train,104.5,2
152013223,中国XXXX铁路,2017-02-24,HCP Train,65.5,2
152013223,中国XXXX铁路,2017-02-25,HCP Train,65.5,2
152013223,中国XXXX铁路,2017-03-03,HCP Train,202.5,2
152013223,沈阳XXXX路局,2016-10-22,HCP Train,65.5,2
152012272,中国XXXX铁路,2017-03-24,HCP Train,69.5,2
152012272,中国XXXX铁路,2017-03-25,HCP Train,69.5,2
200001988,中国XXXX铁路,2016-10-28,HCP Train,80.0,2
152010990,南昌XXXX公司,2016-11-14,HCP Car Service,400.0,2
152010990,南昌XXXX公司,2016-11-21,HCP Car Service,400.0,2
152010990,易到XXXX公司,2016-12-04,HCP Car Service,500.0,2
152010990,神州XXXX公司,2016-11-25,HCP Car Service,500.0,2
152011176,动车XXXX动车,2016-11-25,HCP Train,62.0,2
152011176,动车XXXX动车,2016-11-25,HCP Train,65.5,2
152011176,动车XXXX动车,2016-11-25,HCP Train,169.0,2
152012459,铁道XXXX票务,2016-12-13,HCP Train,104.5,2
200002196,湖南XXXX行业,2016-12-10,HCP Taxi,200.0,2
200002196,湖南XXXX车行,2016-10-27,HCP Taxi,200.0,2
200002196,湖南XXXX车行,2016-10-29,HCP Taxi,200.0,2
200002204,上海XXXX公司,2016-09-24,HCP Car Service,600.0,2
200002204,上海XXXX公司,2016-09-25,HCP Car Service,600.0,2
200002192,出租XXXX租车,2016-11-18,HCP Taxi,200.0,2
200002192,出租XXXX租车,2016-11-19,HCP Taxi,250.0,2
200002192,出租XXXX租车,2016-11-25,HCP Taxi,200.0,2
200002053,深圳XXXX公司,2016-09-26,HCP Car Service,300.0,2
200002049,昌吉XXXX集团,2016-11-20,HCP Taxi,400.0,2
200002049,神州XXXX建）,2016-11-17,HCP Taxi,500.0,2
200002051,支付XXXX阔电,2017-04-11,Gifts,173.0,2
200002053,广州XXXX公司,2016-11-18,HCP Car Service,300.0,2
200002053,广州XXXX公司,2016-11-20,HCP Car Service,300.0,2
200002196,中国XXXX铁路,2016-12-10,HCP Train,149.5,2
200002196,湖南XXXX行业,2016-12-09,HCP Taxi,200.0,2
200002152,支付XXXX路总,2016-12-16,HCP Train,104.5,2
200002156,支付XXXX路总,2017-01-04,HCP Train,206.5,2
200002162,中国XXXX铁路,2016-11-20,HCP Train,184.0,2
200002053,广州XXXX公司,2016-12-14,HCP Car Service,300.0,2
200002053,支付XXXX路总,2016-11-15,HCP Train,194.0,2
200002053,支付XXXX路总,2016-11-16,HCP Train,194.0,2
200002053,深圳XXXX公司,2016-09-09,HCP Car Service,150.0,2
200002053,深圳XXXX公司,2016-09-11,HCP Car Service,150.0,2
200002174,中国XXXX公司,2016-10-21,HCP Train,198.0,2
200002174,中国XXXX公司,2016-10-23,HCP Train,198.0,2
200002174,支付XXXX路总,2016-10-10,HCP Train,254.5,2
200002174,支付XXXX路总,2016-10-11,HCP Train,254.5,2
200002174,神州XXXX公司,2016-10-24,HCP Car Service,400.0,2
200002174,神州XXXX公司,2016-11-19,HCP Car Service,300.0,2
200002148,江苏XXXX余菊,2016-11-24,HCP Sponsored Registration Fee,1800.0,2
200002152,支付XXXX路总,2016-12-15,HCP Train,104.5,2
152010760,上海XXXX租赁,2017-02-16,HCP Car Service,400.0,2
152010573,中国XXXX铁路,2017-03-19,HCP Train,102.0,2
152010586,兰州XXXX行业,2016-12-10,HCP Taxi,400.0,2
152010666,黑龙XXXX汽车,2016-11-12,HCP Taxi,200.0,2
152010682,支付XXXX路总,2016-10-20,HCP Train,520.5,2
152010682,支付XXXX路总,2016-11-07,HCP Train,219.5,2
152010713,经纬XXXX公司,2016-11-20,HCP Train,70.0,2
152009998,易道XXXX公司,2016-12-09,HCP Car Service,500.0,2
200002263,高铁XXXX高铁,2016-10-22,HCP Train,288.0,2
200002273,铁道XXXX票务,2017-03-15,HCP Train,246.5,2
200002341,中国XXXX铁路,2016-11-11,HCP Train,79.5,2
200002343,出租XXXX租车,2016-09-11,HCP Taxi,123.0,2
200002232,中国XXXX路局,2016-11-23,HCP Train,22.0,2
152010760,上海XXXX租赁,2016-12-17,HCP Car Service,300.0,2
152010760,上海XXXX租赁,2016-12-17,HCP Car Service,350.0,2
152010760,上海XXXX租赁,2017-02-16,HCP Car Service,350.0,2
200002192,出租XXXX租车,2016-11-08,HCP Taxi,300.0,2
200002175,神州XXXX公司,2017-01-12,HCP Car Service,200.0,2
200002177,南昌XXXX路局,2016-11-11,HCP Train,53.5,2
200002177,南昌XXXX路局,2016-11-12,HCP Train,57.0,2
200002177,南昌XXXX路局,2016-11-13,HCP Train,53.5,2
200002179,支付XXXX程西,2016-11-22,HCP Train,237.0,2
200002179,支付XXXX路总,2016-11-02,HCP Train,318.0,2
200002245,中国XXXX铁路,2016-10-22,HCP Train,738.5,2
200002192,出租XXXX租车,2016-12-02,HCP Taxi,200.0,2
200002192,出租XXXX租车,2016-12-11,HCP Taxi,250.0,2
200002192,出租XXXX租车,2017-04-26,HCP Taxi,200.0,2
200002196,中国XXXX铁路,2016-12-09,HCP Train,149.5,2
200002179,神州XXXX专车,2017-04-22,HCP Taxi,46.0,2
200002182,中国XXXX铁路,2016-12-10,HCP Train,391.0,2
200002182,中国XXXX铁路,2016-12-11,HCP Train,391.0,2
200002188,中国XXXX铁路,2016-11-27,HCP Train,176.5,2
200002204,支付XXXX信浩,2016-09-20,HCP Train,117.0,2
200002204,支付XXXX路总,2016-09-19,HCP Train,300.0,2
200002205,中国XXXX铁路,2016-11-24,HCP Train,170.5,2
200002205,石家XXXX车租,2016-12-18,HCP Car Service,300.0,2
200002208,支付XXXX路总,2016-11-13,HCP Train,509.0,2
420746,12XXXX06,2016-11-15,HCP Train,748.5,2
420746,12XXXX06,2016-11-19,HCP Train,748.5,2
85024449,昆明XXXX昆明,2016-10-14,HCP Taxi,120.0,2
200002232,中国XXXX道路,2016-11-19,HCP Car Service,49.0,2
200002240,中国XXXX铁路,2016-08-07,HCP Train,1025.0,2
200002208,支付XXXX路总,2016-11-22,HCP Train,838.0,2
200002210,支付XXXX路总,2016-11-03,HCP Train,430.0,2
200002212,中国XXXX铁路,2016-11-03,HCP Train,38.5,2
200002212,星巴XXXX限公,2017-03-24,HCP Meal - Lunch,35.0,2
200002217,广州XXXX出租,2016-11-11,HCP Taxi,300.0,2
200002217,广州XXXX出租,2016-11-18,HCP Taxi,800.0,2
152011496,杭州XXXX铁站,2016-11-19,HCP Train,84.5,2
152011497,中国XXXX总局,2016-11-13,HCP Train,254.5,2
152011204,北京XXXX公司,2016-11-27,HCP Car Service,900.0,2
152011289,北京XXXX租车,2016-11-27,HCP Taxi,316.0,2
152011289,北京XXXX租车,2016-11-27,HCP Taxi,322.0,2
152011289,北京XXXX租车,2016-11-27,HCP Taxi,327.0,2
200002232,中国XXXX路局,2016-11-23,HCP Train,79.0,2
200002232,中国XXXX道路,2016-11-18,HCP Car Service,49.0,2
152009998,高铁XXXX高铁,2016-11-20,HCP Train,149.5,2
152009998,高铁XXXX高铁,2016-12-17,HCP Train,254.5,2
152010410,支付XXXX路总,2017-02-23,HCP Train,289.0,2
152010410,支付XXXX路总,2017-02-26,HCP Train,279.0,2
152010496,铁道XXXX票务,2016-10-19,HCP Train,100.5,2
152010573,中国XXXX铁路,2017-03-18,HCP Train,102.0,2
152010573,中国XXXX铁路,2017-03-18,HCP Train,117.0,2
152011496,义乌XXXX铁站,2016-11-18,HCP Train,50.0,2
200002343,出租XXXX租车,2016-12-09,HCP Taxi,100.0,2
200002343,铁道XXXX道部,2016-11-25,HCP Train,392.0,2
85382999,中国XXXX铁路,2017-03-24,HCP Symposium and Sponsorship,90.0,2
85382999,中国XXXX铁路,2017-03-25,HCP Symposium and Sponsorship,90.0,2
85382999,侯马XXXX车站,2017-03-25,HCP Symposium and Sponsorship,30.0,2
85382999,稷山XXXX车站,2017-03-24,HCP Symposium and Sponsorship,30.0,2
85285022,中国XXXX铁路,2016-11-30,HCP Train,117.0,2
85298294,神州XXXX公司,2016-12-02,HCP Taxi,258.0,2
200002348,微信XXXX创旅,2017-03-17,HCP Train,560.5,2
200002348,铁路XXXX铁路,2016-10-13,HCP Train,50.5,2
200002348,铁路XXXX铁路,2016-10-13,HCP Train,336.5,2
200002348,铁路XXXX铁路,2016-10-15,HCP Train,64.5,2
200002343,出租XXXX租车,2016-11-06,HCP Taxi,163.0,2
200002343,出租XXXX租车,2016-11-06,HCP Taxi,165.0,2
200002343,出租XXXX租车,2016-11-25,HCP Taxi,102.0,2
200002343,出租XXXX租车,2016-12-03,HCP Taxi,113.0,2
415474,中国XXXX铁路,2016-12-25,HCP Train,65.5,2
415556,中国XXXX铁路,2017-04-16,HCP Train,300.5,2
415589,上海XXXX克咖,2017-03-31,HCP Meal - Lunch,31.0,2
420746,12XXXX06,2016-11-05,HCP Train,184.5,2
200002343,铁道XXXX道部,2016-12-09,HCP Train,78.5,2
200002343,铁道XXXX道部,2016-12-10,HCP Train,208.5,2
200002348,出租XXXX租车,2016-12-16,HCP Taxi,150.0,2
200002348,出租XXXX租车,2016-12-17,HCP Taxi,150.0,2
85153088,兰州XXXX租车,2016-10-27,HCP Taxi,180.0,2
85166672,中国XXXX铁路,2017-04-07,HCP Train,374.0,2
85202084,上海XXXXSS,2017-02-16,HCP Meal - Lunch,117.0,2
85202084,上海XXXX克咖,2017-02-13,HCP Meal - Lunch,119.0,2
85202084,利满XXXX上海,2017-02-06,HCP Meal - Lunch,616.8,2
200002348,铁路XXXX铁路,2016-10-16,HCP Train,369.0,2
415474,中国XXXX铁路,2016-10-14,HCP Train,907.0,2
415474,中国XXXX铁路,2016-11-06,HCP Train,409.0,2
85392737,铁道XXXX道部,2016-12-24,HCP Train,92.0,2
152009005,出租XXXX租车,2016-12-28,HCP Taxi,182.0,2
152009011,杭州XXXX公司,2016-11-26,HCP Car Service,200.0,2
152008348,大同XXXX公司,2016-12-23,HCP Taxi,100.0,2
152008348,支付XXXX路总,2016-12-20,HCP Train,141.5,2
152008366,中国XXXX铁路,2017-05-05,HCP Train,29.5,2
152008366,中国XXXX铁路,2017-05-05,HCP Train,824.5,2
152008366,中国XXXX铁路,2017-05-07,HCP Train,29.5,2
85253751,福建XXXX服务,2016-11-18,HCP Car Service,400.0,2
85253751,福建XXXX服务,2016-11-26,HCP Car Service,350.0,2
85253751,福建XXXX服务,2016-11-27,HCP Car Service,800.0,2
85401839,黑龙XXXX公司,2016-10-21,HCP Taxi,151.0,2
85401839,黑龙XXXX公司,2016-10-22,HCP Taxi,301.0,2
85405177,济南XXXX餐饮,2016-10-26,HCP Meal - Dinner,167.0,2
85392737,铁道XXXX道部,2016-12-23,HCP Train,78.5,2
85392737,铁道XXXX道部,2016-12-23,HCP Train,92.0,2
85280042,中国XXXX铁路,2016-11-05,HCP Train,842.5,2
85280042,杭州XXXX公司,2016-12-21,HCP Car Service,700.0,2
85285022,中国XXXX铁路,2016-10-20,HCP Train,117.0,2
85285022,中国XXXX铁路,2016-10-20,HCP Train,237.0,2
85285022,中国XXXX铁路,2016-11-29,HCP Train,117.0,2
85202084,支付XXXX快在,2017-02-13,Meeting-Related Expense,264.0,2
85219602,上海XXXX啡店,2016-10-21,HCP Meal - Lunch,320.0,2
85219602,苏州XXXX餐饮,2016-11-10,HCP Meal - Lunch,351.0,2
85314092,高铁XXXX高铁,2017-04-01,HCP Train,237.0,2
85340317,中国XXXX铁路,2016-12-06,HCP Train,99.5,2
85340317,中国XXXX铁路,2016-12-06,HCP Train,199.0,2
85340317,中国XXXX铁路,2016-12-07,HCP Train,99.5,2
85375221,上海XXXX公司,2016-11-18,HCP Car Service,700.0,2
85380853,西安XXXX公司,2016-11-09,HCP Meal - Dinner,3188.0,2
85253751,铁道XXXX票务,2016-11-22,HCP Train,54.5,2
85274253,铁道XXXX票务,2016-12-07,HCP Train,646.0,2
85392737,铁道XXXX道部,2016-12-23,HCP Train,65.5,2
85384266,出租XXXX租车,2016-12-10,HCP Taxi,121.0,2
85387539,济南XXXX公司,2017-03-18,HCP Car Service,100.0,2
85387539,济南XXXX公司,2017-03-19,HCP Car Service,100.0,2
85390503,中国XXXX铁路,2016-11-12,HCP Train,75.0,2
85390503,支付XXXX路总,2016-11-29,HCP Train,150.0,2
85390503,支付XXXX路总,2016-11-29,HCP Train,178.0,2
85425631,铁道XXXX票务,2016-11-22,HCP Train,59.5,2
85392737,锦州XXXX公司,2016-10-22,HCP Taxi,50.0,2
85398165,12XXXX06,2016-12-10,HCP Train,311.0,2
85398165,黑龙XXXX租车,2016-12-10,HCP Taxi,100.0,2
85390503,支付XXXX路总,2016-12-09,HCP Train,96.5,2
85392737,出租XXXX公司,2016-10-13,HCP Taxi,40.0,2
85392737,出租XXXX公司,2016-12-24,HCP Taxi,84.0,2
85392737,铁道XXXX道部,2016-10-22,HCP Train,184.0,2
85392737,铁道XXXX道部,2016-12-18,HCP Train,65.5,2
152010797,铁路XXXX公司,2016-09-24,HCP Train,164.5,2
152010797,铁路XXXX公司,2016-09-25,HCP Train,748.5,2
152010873,网易XXXX公司,2016-12-06,Gifts,349.0,2
152010873,网易XXXX公司,2017-03-09,Gifts,349.0,2
152010713,辽宁XXXX汽车,2017-04-15,HCP Car Service,91.0,2
152010713,辽宁XXXX汽车,2017-04-18,HCP Car Service,90.5,2
152010760,上海XXXX公司,2016-11-26,HCP Car Service,300.0,2
85392737,锦州XXXX公司,2016-10-21,HCP Taxi,50.0,2
152008366,中国XXXX铁路,2017-05-07,HCP Train,824.5,2
152008057,神州XXXX优车,2016-11-18,HCP Taxi,200.0,2
152008057,神州XXXX优车,2016-11-20,HCP Taxi,200.0,2
152008057,神州XXXX优车,2016-12-03,HCP Taxi,200.0,2
152010760,上海XXXX租赁,2017-03-26,HCP Car Service,400.0,2
152010774,哈尔XXXX租车,2016-12-15,HCP Taxi,210.0,2
152010774,哈尔XXXX租车,2016-12-17,HCP Taxi,210.0,2
152010797,沃达XXXX公司,2016-10-24,HCP Car Service,400.0,2
85436836,南昌XXXX公司,2016-11-17,HCP Car Service,600.0,2
85436836,广州XXXX公司,2016-11-18,HCP Taxi,350.0,2
85437443,铁道XXXX票务,2016-12-05,HCP Train,384.0,2
85437443,铁道XXXX票务,2017-03-19,HCP Train,205.0,2
85433369,铁道XXXX道部,2016-12-03,HCP Train,175.0,2
85433369,铁道XXXX道部,2016-12-04,HCP Train,175.0,2
85434143,中国XXXX铁路,2016-11-05,HCP Train,256.5,2
85434750,高铁XXXX高铁,2016-12-02,HCP Train,264.5,2
85419292,中国XXXX铁路,2017-04-17,HCP Train,405.0,2
85411760,酒便XXXX便利,2016-12-30,HCP Meal - Dinner,258.0,2
85415042,兰州XXXX公司,2016-12-02,HCP Taxi,205.0,2
85415379,铁道XXXX道部,2016-11-18,HCP Train,79.5,2
85415379,铁道XXXX道部,2016-11-19,HCP Train,79.5,2
85417182,泰山XXXX索道,2017-02-23,Meeting-Related Expense,800.0,2
85435947,天津XXXX资有,2016-11-03,HCP Meal - Dinner,2094.0,2
85435947,易宝XXXX50,2016-11-26,HCP Meal - Lunch,1706.0,2
85425628,中国XXXX铁路,2016-11-27,HCP Symposium and Sponsorship,495.0,2
85425631,安阳XXXX公司,2016-11-25,HCP Taxi,50.0,2
85418899,微信XXXX携程,2016-12-13,HCP Train,104.5,2
85418899,微信XXXX携程,2016-12-13,HCP Train,164.5,2
85418899,微信XXXX携程,2016-12-20,HCP Train,463.5,2
85418963,中国XXXX铁路,2017-02-24,HCP Train,98.0,2
85418963,支付XXXX信浩,2017-02-26,HCP Train,98.0,2
85419041,铁道XXXX票务,2016-11-21,HCP Train,990.0,2
85425631,铁道XXXX票务,2016-11-22,HCP Train,129.5,2
85426150,上海XXXX租赁,2016-12-07,HCP Car Service,700.0,2
85426158,火车XXXX车站,2016-11-24,HCP Train,203.0,2
85426158,火车XXXX车站,2016-11-26,HCP Train,57.5,2
85426158,火车XXXX车站,2017-03-03,HCP Train,485.5,2
85420659,铁路XXXX铁路,2016-10-16,HCP Train,548.5,2
85424139,铁道XXXX票务,2016-11-07,HCP Train,827.5,2
85425538,支付XXXX路总,2016-11-07,HCP Train,180.0,2
85450817,大连XXXX高铁,2016-12-02,HCP Train,175.5,2
85450945,高铁XXXX高铁,2016-12-16,HCP Train,123.5,2
85450945,高铁XXXX高铁,2016-12-17,HCP Train,49.5,2
85450945,高铁XXXX高铁,2016-12-17,HCP Train,68.0,2
85455314,中国XXXX铁路,2016-12-23,HCP Train,110.5,2
85452928,中国XXXX铁路,2017-03-12,HCP Train,107.0,2
85452928,中国XXXX铁路,2017-04-07,HCP Train,748.5,2
85452928,公共XXXX交通,2016-10-12,HCP Car Service,150.0,2
85431206,去哪XXXX儿网,2016-11-07,HCP Train,351.0,2
85452329,中国XXXX铁路,2016-12-30,HCP Train,395.0,2
85452329,中国XXXX铁路,2016-12-31,HCP Train,176.5,2
85452745,铁道XXXX道部,2016-11-24,HCP Train,29.0,2
85452745,铁道XXXX道部,2016-11-24,HCP Train,308.5,2
85452745,铁道XXXX道部,2016-11-27,HCP Train,29.0,2
85452745,铁道XXXX道部,2016-11-27,HCP Train,308.5,2
85452745,铁道XXXX道部,2017-03-03,HCP Train,714.5,2
85433369,铁道XXXX道部,2016-11-13,HCP Train,32.5,2
85426158,火车XXXX车站,2017-03-03,HCP Train,550.0,2
85426158,火车XXXX车站,2017-03-05,HCP Train,485.5,2
85426158,火车XXXX车站,2017-03-05,HCP Train,550.0,2
85427635,中国XXXX铁路,2016-11-12,HCP Train,344.0,2
85427635,中国XXXX铁路,2016-11-13,HCP Train,549.0,2
85428276,中国XXXX铁路,2017-04-08,HCP Train,489.0,2
85431206,上海XXXX家家,2016-11-27,HCP Car Service,1000.0,2
85434750,高铁XXXX高铁,2016-12-03,HCP Train,264.5,2
85435498,哈尔XXXX公司,2016-09-10,HCP Taxi,300.0,2
85435947,北京XXXX饮有,2016-12-03,HCP Meal - Dinner,1524.0,2
85431206,去哪XXXX儿网,2016-11-28,HCP Train,234.0,2
85431206,济阳XXXX街坊,2017-04-21,HCP Car Service,1000.0,2
85431531,火车XXXX车站,2016-11-05,HCP Train,21.5,2
85433369,浙江XXXX租车,2016-11-12,HCP Taxi,12.0,2
85433369,浙江XXXX行业,2016-12-16,HCP Taxi,11.0,2
152007312,神州XXXX信息,2017-04-28,HCP Taxi,170.0,2
152007312,铁道XXXX票务,2017-04-12,HCP Train,403.5,2
152007353,支付XXXX路总,2016-10-09,HCP Train,933.0,2
152007564,中国XXXX铁路,2016-11-11,HCP Train,198.0,2
92014048,铁道XXXX票务,2017-04-13,HCP Train,117.0,2
152007564,中国XXXX铁路,2017-03-03,HCP Train,219.5,2
152007564,中国XXXX铁路,2017-03-04,HCP Train,229.5,2
126002568,StXXXXks,2016-08-24,Snack,19.0,2
152007601,哈尔XXXX路局,2016-11-23,HCP Train,197.0,2
105004319,天津XXXX发票,2016-11-09,HCP Car Service,150.0,2
152007963,铁道XXXX票务,2016-11-17,HCP Train,344.0,2
152007963,铁道XXXX票务,2017-03-27,HCP Train,556.5,2
105004319,天津XXXX发票,2016-11-08,HCP Car Service,150.0,2
152008046,呷哺XXXX呷哺,2017-02-16,HCP Meal - Dinner,130.0,2
152008046,和庆XXXX庆斋,2016-11-18,HCP Meal - Dinner,700.0,2
152008046,极牛XXXX烧肉,2017-02-09,HCP Meal - Lunch,437.0,2
152007187,荆州XXXX车站,2016-12-15,HCP Train,71.5,2
89412535,中国XXXX铁路,2017-03-04,HCP Train,237.0,2
92008601,打车XXXX费用,2016-12-24,HCP Taxi,30.0,2
92011778,中国XXXX铁路,2016-11-11,HCP Train,219.5,2
152008046,高铁XXXX高铁,2016-10-16,HCP Train,472.0,2
152008046,高铁XXXX高铁,2016-10-18,HCP Train,463.5,2
105004319,天津XXXX发票,2016-11-24,HCP Car Service,150.0,2
152008048,支付XXXX路总,2016-11-09,HCP Train,129.5,2
85444759,杭州XXXX行业,2016-12-03,HCP Taxi,58.0,2
85446679,城关XXXX妙锦,2016-12-02,HCP Meal - Dinner,111.5,2
85446853,火车XXXX火车,2016-11-13,HCP Train,159.5,2
85448565,支付XXXX路总,2016-11-03,HCP Train,279.5,2
92013410,中国XXXX铁路,2017-04-15,HCP Train,443.5,2
92013788,中国XXXX公司,2016-09-10,HCP Train,192.5,2
92013788,中国XXXX公司,2016-10-26,HCP Train,336.5,2
92013788,中国XXXX公司,2016-10-28,HCP Train,336.5,2
85458664,铁道XXXX票务,2016-10-28,HCP Train,354.0,2
85459730,上海XXXX公司,2016-12-11,HCP Car Service,250.0,2
85459730,中国XXXX道部,2017-03-24,HCP Train,75.0,2
85459959,微信XXXX创旅,2017-04-06,HCP Train,229.5,2
85460110,中国XXXX铁路,2016-11-27,HCP Train,97.5,2
85462219,SpXXXXee,2017-03-21,Snack,9.1,2
152008057,中国XXXX铁路,2016-10-22,HCP Train,-206.5,2
152008046,美国XXXX大王,2016-11-25,HCP Meal - Dinner,84.0,2
85999122,柳州XXXX公司,2016-11-26,HCP Taxi,80.0,2
85999122,柳州XXXX公司,2016-11-26,HCP Taxi,90.0,2
85999122,柳州XXXX公司,2017-03-25,HCP Taxi,100.0,2
85999128,大巴XXXX大巴,2016-09-11,HCP Car Service,93.0,2
85999128,火车XXXX火车,2016-09-10,HCP Train,50.5,2
85999128,火车XXXX火车,2016-09-10,HCP Train,369.5,2
85999129,青岛XXXX商业,2016-12-28,HCP Education/Patient Related Items,500.0,2
85458127,高铁XXXX高铁,2017-05-06,HCP Train,3416.0,2
85457346,中国XXXX铁路,2016-12-07,HCP Train,184.5,2
85457346,中国XXXX铁路,2016-12-08,HCP Train,94.5,2
85454324,铁道XXXX道部,2017-03-30,HCP Train,147.0,2
85455148,中国XXXX总局,2017-03-18,HCP Train,89.5,2
92011778,中国XXXX铁路,2016-12-08,HCP Train,219.5,2
92011778,中国XXXX铁路,2016-12-24,HCP Train,99.5,2
92011778,中国XXXX铁路,2017-03-25,HCP Train,459.0,2
85999122,支付XXXX路总,2017-03-22,HCP Train,62.0,2
152007187,宜昌XXXX东站,2016-11-05,HCP Train,381.5,2
152007187,宜昌XXXX东站,2016-11-06,HCP Train,381.5,2
152007187,荆州XXXX车站,2016-11-05,HCP Train,350.5,2
152007187,荆州XXXX车站,2016-11-06,HCP Train,350.5,2
85455314,江西XXXX客运,2016-10-30,HCP Taxi,300.0,2
85455317,中国XXXX公司,2016-11-09,HCP Train,212.0,2
85455317,绍兴XXXX巷店,2016-10-19,HCP Meal - Lunch,80.0,2
85456834,中国XXXX铁路,2016-10-19,HCP Train,123.0,2
